year,sex,age_class,filename,url
2000,f,0,bra_f_0_2000.tif,https://data.worldpop.org/GIS/AgeSex_structures/Global_2000_2020/2000/BRA/bra_f_0_2000.tif
2000,f,1,bra_f_1_2000.tif,https://data.worldpop.org/GIS/AgeSex_structures/Global_2000_2020/2000/BRA/bra_f_1_2000.tif
2000,f,5,bra_f_5_2000.tif,https://data.worldpop.org/GIS/AgeSex_structures/Global_2000_2020/2000/BRA/bra_f_5_2000.tif
2000,f,10,bra_f_10_2000.tif,https://data.worldpop.org/GIS/AgeSex_structures/Global_2000_2020/2000/BRA/bra_f_10_2000.tif
2000,f,15,bra_f_15_2000.tif,https://data.worldpop.org/GIS/AgeSex_structures/Global_2000_2020/2000/BRA/bra_f_15_2000.tif
2000,f,20,bra_f_20_2000.tif,https://data.worldpop.org/GIS/AgeSex_structures/Global_2000_2020/2000/BRA/bra_f_20_2000.tif
2000,f,25,bra_f_25_2000.tif,https://data.worldpop.org/GIS/AgeSex_structures/Global_2000_2020/2000/BRA/bra_f_25_2000.tif
2000,f,30,bra_f_30_2000.tif,https://data.worldpop.org/GIS/AgeSex_structures/Global_2000_2020/2000/BRA/bra_f_30_2000.tif
2000,f,35,bra_f_35_2000.tif,https://data.worldpop.org/GIS/AgeSex_structures/Global_2000_2020/2000/BRA/bra_f_35_2000.tif
2000,f,40,bra_f_40_2000.tif,https://data.worldpop.org/GIS/AgeSex_structures/Global_2000_2020/2000/BRA/bra_f_40_2000.tif
2000,f,45,bra_f_45_2000.tif,https://data.worldpop.org/GIS/AgeSex_structures/Global_2000_2020/2000/BRA/bra_f_45_2000.tif
2000,f,50,bra_f_50_2000.tif,https://data.worldpop.org/GIS/AgeSex_structures/Global_2000_2020/2000/BRA/bra_f_50_2000.tif
2000,f,55,bra_f_55_2000.tif,https://data.worldpop.org/GIS/AgeSex_structures/Global_2000_2020/2000/BRA/bra_f_55_2000.tif
2000,f,60,bra_f_60_2000.tif,https://data.worldpop.org/GIS/AgeSex_structures/Global_2000_2020/2000/BRA/bra_f_60_2000.tif
2000,f,65,bra_f_65_2000.tif,https://data.worldpop.org/GIS/AgeSex_structures/Global_2000_2020/2000/BRA/bra_f_65_2000.tif
2000,f,70,bra_f_70_2000.tif,https://data.worldpop.org/GIS/AgeSex_structures/Global_2000_2020/2000/BRA/bra_f_70_2000.tif
2000,f,75,bra_f_75_2000.tif,https://data.worldpop.org/GIS/AgeSex_structures/Global_2000_2020/2000/BRA/bra_f_75_2000.tif
2000,f,80,bra_f_80_2000.tif,https://data.worldpop.org/GIS/AgeSex_structures/Global_2000_2020/2000/BRA/bra_f_80_2000.tif
2000,m,0,bra_m_0_2000.tif,https://data.worldpop.org/GIS/AgeSex_structures/Global_2000_2020/2000/BRA/bra_m_0_2000.tif
2000,m,1,bra_m_1_2000.tif,https://data.worldpop.org/GIS/AgeSex_structures/Global_2000_2020/2000/BRA/bra_m_1_2000.tif
2000,m,5,bra_m_5_2000.tif,https://data.worldpop.org/GIS/AgeSex_structures/Global_2000_2020/2000/BRA/bra_m_5_2000.tif
2000,m,10,bra_m_10_2000.tif,https://data.worldpop.org/GIS/AgeSex_structures/Global_2000_2020/2000/BRA/bra_m_10_2000.tif
2000,m,15,bra_m_15_2000.tif,https://data.worldpop.org/GIS/AgeSex_structures/Global_2000_2020/2000/BRA/bra_m_15_2000.tif
2000,m,20,bra_m_20_2000.tif,https://data.worldpop.org/GIS/AgeSex_structures/Global_2000_2020/2000/BRA/bra_m_20_2000.tif
2000,m,25,bra_m_25_2000.tif,https://data.worldpop.org/GIS/AgeSex_structures/Global_2000_2020/2000/BRA/bra_m_25_2000.tif
2000,m,30,bra_m_30_2000.tif,https://data.worldpop.org/GIS/AgeSex_structures/Global_2000_2020/2000/BRA/bra_m_30_2000.tif
2000,m,35,bra_m_35_2000.tif,https://data.worldpop.org/GIS/AgeSex_structures/Global_2000_2020/2000/BRA/bra_m_35_2000.tif
2000,m,40,bra_m_40_2000.tif,https://data.worldpop.org/GIS/AgeSex_structures/Global_2000_2020/2000/BRA/bra_m_40_2000.tif
2000,m,45,bra_m_45_2000.tif,https://data.worldpop.org/GIS/AgeSex_structures/Global_2000_2020/2000/BRA/bra_m_45_2000.tif
2000,m,50,bra_m_50_2000.tif,https://data.worldpop.org/GIS/AgeSex_structures/Global_2000_2020/2000/BRA/bra_m_50_2000.tif
2000,m,55,bra_m_55_2000.tif,https://data.worldpop.org/GIS/AgeSex_structures/Global_2000_2020/2000/BRA/bra_m_55_2000.tif
2000,m,60,bra_m_60_2000.tif,https://data.worldpop.org/GIS/AgeSex_structures/Global_2000_2020/2000/BRA/bra_m_60_2000.tif
2000,m,65,bra_m_65_2000.tif,https://data.worldpop.org/GIS/AgeSex_structures/Global_2000_2020/2000/BRA/bra_m_65_2000.tif
2000,m,70,bra_m_70_2000.tif,https://data.worldpop.org/GIS/AgeSex_structures/Global_2000_2020/2000/BRA/bra_m_70_2000.tif
2000,m,75,bra_m_75_2000.tif,https://data.worldpop.org/GIS/AgeSex_structures/Global_2000_2020/2000/BRA/bra_m_75_2000.tif
2000,m,80,bra_m_80_2000.tif,https://data.worldpop.org/GIS/AgeSex_structures/Global_2000_2020/2000/BRA/bra_m_80_2000.tif
2001,f,0,bra_f_0_2001.tif,https://data.worldpop.org/GIS/AgeSex_structures/Global_2000_2020/2001/BRA/bra_f_0_2001.tif
2001,f,1,bra_f_1_2001.tif,https://data.worldpop.org/GIS/AgeSex_structures/Global_2000_2020/2001/BRA/bra_f_1_2001.tif
2001,f,5,bra_f_5_2001.tif,https://data.worldpop.org/GIS/AgeSex_structures/Global_2000_2020/2001/BRA/bra_f_5_2001.tif
2001,f,10,bra_f_10_2001.tif,https://data.worldpop.org/GIS/AgeSex_structures/Global_2000_2020/2001/BRA/bra_f_10_2001.tif
2001,f,15,bra_f_15_2001.tif,https://data.worldpop.org/GIS/AgeSex_structures/Global_2000_2020/2001/BRA/bra_f_15_2001.tif
2001,f,20,bra_f_20_2001.tif,https://data.worldpop.org/GIS/AgeSex_structures/Global_2000_2020/2001/BRA/bra_f_20_2001.tif
2001,f,25,bra_f_25_2001.tif,https://data.worldpop.org/GIS/AgeSex_structures/Global_2000_2020/2001/BRA/bra_f_25_2001.tif
2001,f,30,bra_f_30_2001.tif,https://data.worldpop.org/GIS/AgeSex_structures/Global_2000_2020/2001/BRA/bra_f_30_2001.tif
2001,f,35,bra_f_35_2001.tif,https://data.worldpop.org/GIS/AgeSex_structures/Global_2000_2020/2001/BRA/bra_f_35_2001.tif
2001,f,40,bra_f_40_2001.tif,https://data.worldpop.org/GIS/AgeSex_structures/Global_2000_2020/2001/BRA/bra_f_40_2001.tif
2001,f,45,bra_f_45_2001.tif,https://data.worldpop.org/GIS/AgeSex_structures/Global_2000_2020/2001/BRA/bra_f_45_2001.tif
2001,f,50,bra_f_50_2001.tif,https://data.worldpop.org/GIS/AgeSex_structures/Global_2000_2020/2001/BRA/bra_f_50_2001.tif
2001,f,55,bra_f_55_2001.tif,https://data.worldpop.org/GIS/AgeSex_structures/Global_2000_2020/2001/BRA/bra_f_55_2001.tif
2001,f,60,bra_f_60_2001.tif,https://data.worldpop.org/GIS/AgeSex_structures/Global_2000_2020/2001/BRA/bra_f_60_2001.tif
2001,f,65,bra_f_65_2001.tif,https://data.worldpop.org/GIS/AgeSex_structures/Global_2000_2020/2001/BRA/bra_f_65_2001.tif
2001,f,70,bra_f_70_2001.tif,https://data.worldpop.org/GIS/AgeSex_structures/Global_2000_2020/2001/BRA/bra_f_70_2001.tif
2001,f,75,bra_f_75_2001.tif,https://data.worldpop.org/GIS/AgeSex_structures/Global_2000_2020/2001/BRA/bra_f_75_2001.tif
2001,f,80,bra_f_80_2001.tif,https://data.worldpop.org/GIS/AgeSex_structures/Global_2000_2020/2001/BRA/bra_f_80_2001.tif
2001,m,0,bra_m_0_2001.tif,https://data.worldpop.org/GIS/AgeSex_structures/Global_2000_2020/2001/BRA/bra_m_0_2001.tif
2001,m,1,bra_m_1_2001.tif,https://data.worldpop.org/GIS/AgeSex_structures/Global_2000_2020/2001/BRA/bra_m_1_2001.tif
2001,m,5,bra_m_5_2001.tif,https://data.worldpop.org/GIS/AgeSex_structures/Global_2000_2020/2001/BRA/bra_m_5_2001.tif
2001,m,10,bra_m_10_2001.tif,https://data.worldpop.org/GIS/AgeSex_structures/Global_2000_2020/2001/BRA/bra_m_10_2001.tif
2001,m,15,bra_m_15_2001.tif,https://data.worldpop.org/GIS/AgeSex_structures/Global_2000_2020/2001/BRA/bra_m_15_2001.tif
2001,m,20,bra_m_20_2001.tif,https://data.worldpop.org/GIS/AgeSex_structures/Global_2000_2020/2001/BRA/bra_m_20_2001.tif
2001,m,25,bra_m_25_2001.tif,https://data.worldpop.org/GIS/AgeSex_structures/Global_2000_2020/2001/BRA/bra_m_25_2001.tif
2001,m,30,bra_m_30_2001.tif,https://data.worldpop.org/GIS/AgeSex_structures/Global_2000_2020/2001/BRA/bra_m_30_2001.tif
2001,m,35,bra_m_35_2001.tif,https://data.worldpop.org/GIS/AgeSex_structures/Global_2000_2020/2001/BRA/bra_m_35_2001.tif
2001,m,40,bra_m_40_2001.tif,https://data.worldpop.org/GIS/AgeSex_structures/Global_2000_2020/2001/BRA/bra_m_40_2001.tif
2001,m,45,bra_m_45_2001.tif,https://data.worldpop.org/GIS/AgeSex_structures/Global_2000_2020/2001/BRA/bra_m_45_2001.tif
2001,m,50,bra_m_50_2001.tif,https://data.worldpop.org/GIS/AgeSex_structures/Global_2000_2020/2001/BRA/bra_m_50_2001.tif
2001,m,55,bra_m_55_2001.tif,https://data.worldpop.org/GIS/AgeSex_structures/Global_2000_2020/2001/BRA/bra_m_55_2001.tif
2001,m,60,bra_m_60_2001.tif,https://data.worldpop.org/GIS/AgeSex_structures/Global_2000_2020/2001/BRA/bra_m_60_2001.tif
2001,m,65,bra_m_65_2001.tif,https://data.worldpop.org/GIS/AgeSex_structures/Global_2000_2020/2001/BRA/bra_m_65_2001.tif
2001,m,70,bra_m_70_2001.tif,https://data.worldpop.org/GIS/AgeSex_structures/Global_2000_2020/2001/BRA/bra_m_70_2001.tif
2001,m,75,bra_m_75_2001.tif,https://data.worldpop.org/GIS/AgeSex_structures/Global_2000_2020/2001/BRA/bra_m_75_2001.tif
2001,m,80,bra_m_80_2001.tif,https://data.worldpop.org/GIS/AgeSex_structures/Global_2000_2020/2001/BRA/bra_m_80_2001.tif
2002,f,0,bra_f_0_2002.tif,https://data.worldpop.org/GIS/AgeSex_structures/Global_2000_2020/2002/BRA/bra_f_0_2002.tif
2002,f,1,bra_f_1_2002.tif,https://data.worldpop.org/GIS/AgeSex_structures/Global_2000_2020/2002/BRA/bra_f_1_2002.tif
2002,f,5,bra_f_5_2002.tif,https://data.worldpop.org/GIS/AgeSex_structures/Global_2000_2020/2002/BRA/bra_f_5_2002.tif
2002,f,10,bra_f_10_2002.tif,https://data.worldpop.org/GIS/AgeSex_structures/Global_2000_2020/2002/BRA/bra_f_10_2002.tif
2002,f,15,bra_f_15_2002.tif,https://data.worldpop.org/GIS/AgeSex_structures/Global_2000_2020/2002/BRA/bra_f_15_2002.tif
2002,f,20,bra_f_20_2002.tif,https://data.worldpop.org/GIS/AgeSex_structures/Global_2000_2020/2002/BRA/bra_f_20_2002.tif
2002,f,25,bra_f_25_2002.tif,https://data.worldpop.org/GIS/AgeSex_structures/Global_2000_2020/2002/BRA/bra_f_25_2002.tif
2002,f,30,bra_f_30_2002.tif,https://data.worldpop.org/GIS/AgeSex_structures/Global_2000_2020/2002/BRA/bra_f_30_2002.tif
2002,f,35,bra_f_35_2002.tif,https://data.worldpop.org/GIS/AgeSex_structures/Global_2000_2020/2002/BRA/bra_f_35_2002.tif
2002,f,40,bra_f_40_2002.tif,https://data.worldpop.org/GIS/AgeSex_structures/Global_2000_2020/2002/BRA/bra_f_40_2002.tif
2002,f,45,bra_f_45_2002.tif,https://data.worldpop.org/GIS/AgeSex_structures/Global_2000_2020/2002/BRA/bra_f_45_2002.tif
2002,f,50,bra_f_50_2002.tif,https://data.worldpop.org/GIS/AgeSex_structures/Global_2000_2020/2002/BRA/bra_f_50_2002.tif
2002,f,55,bra_f_55_2002.tif,https://data.worldpop.org/GIS/AgeSex_structures/Global_2000_2020/2002/BRA/bra_f_55_2002.tif
2002,f,60,bra_f_60_2002.tif,https://data.worldpop.org/GIS/AgeSex_structures/Global_2000_2020/2002/BRA/bra_f_60_2002.tif
2002,f,65,bra_f_65_2002.tif,https://data.worldpop.org/GIS/AgeSex_structures/Global_2000_2020/2002/BRA/bra_f_65_2002.tif
2002,f,70,bra_f_70_2002.tif,https://data.worldpop.org/GIS/AgeSex_structures/Global_2000_2020/2002/BRA/bra_f_70_2002.tif
2002,f,75,bra_f_75_2002.tif,https://data.worldpop.org/GIS/AgeSex_structures/Global_2000_2020/2002/BRA/bra_f_75_2002.tif
2002,f,80,bra_f_80_2002.tif,https://data.worldpop.org/GIS/AgeSex_structures/Global_2000_2020/2002/BRA/bra_f_80_2002.tif
2002,m,0,bra_m_0_2002.tif,https://data.worldpop.org/GIS/AgeSex_structures/Global_2000_2020/2002/BRA/bra_m_0_2002.tif
2002,m,1,bra_m_1_2002.tif,https://data.worldpop.org/GIS/AgeSex_structures/Global_2000_2020/2002/BRA/bra_m_1_2002.tif
2002,m,5,bra_m_5_2002.tif,https://data.worldpop.org/GIS/AgeSex_structures/Global_2000_2020/2002/BRA/bra_m_5_2002.tif
2002,m,10,bra_m_10_2002.tif,https://data.worldpop.org/GIS/AgeSex_structures/Global_2000_2020/2002/BRA/bra_m_10_2002.tif
2002,m,15,bra_m_15_2002.tif,https://data.worldpop.org/GIS/AgeSex_structures/Global_2000_2020/2002/BRA/bra_m_15_2002.tif
2002,m,20,bra_m_20_2002.tif,https://data.worldpop.org/GIS/AgeSex_structures/Global_2000_2020/2002/BRA/bra_m_20_2002.tif
2002,m,25,bra_m_25_2002.tif,https://data.worldpop.org/GIS/AgeSex_structures/Global_2000_2020/2002/BRA/bra_m_25_2002.tif
2002,m,30,bra_m_30_2002.tif,https://data.worldpop.org/GIS/AgeSex_structures/Global_2000_2020/2002/BRA/bra_m_30_2002.tif
2002,m,35,bra_m_35_2002.tif,https://data.worldpop.org/GIS/AgeSex_structures/Global_2000_2020/2002/BRA/bra_m_35_2002.tif
2002,m,40,bra_m_40_2002.tif,https://data.worldpop.org/GIS/AgeSex_structures/Global_2000_2020/2002/BRA/bra_m_40_2002.tif
2002,m,45,bra_m_45_2002.tif,https://data.worldpop.org/GIS/AgeSex_structures/Global_2000_2020/2002/BRA/bra_m_45_2002.tif
2002,m,50,bra_m_50_2002.tif,https://data.worldpop.org/GIS/AgeSex_structures/Global_2000_2020/2002/BRA/bra_m_50_2002.tif
2002,m,55,bra_m_55_2002.tif,https://data.worldpop.org/GIS/AgeSex_structures/Global_2000_2020/2002/BRA/bra_m_55_2002.tif
2002,m,60,bra_m_60_2002.tif,https://data.worldpop.org/GIS/AgeSex_structures/Global_2000_2020/2002/BRA/bra_m_60_2002.tif
2002,m,65,bra_m_65_2002.tif,https://data.worldpop.org/GIS/AgeSex_structures/Global_2000_2020/2002/BRA/bra_m_65_2002.tif
2002,m,70,bra_m_70_2002.tif,https://data.worldpop.org/GIS/AgeSex_structures/Global_2000_2020/2002/BRA/bra_m_70_2002.tif
2002,m,75,bra_m_75_2002.tif,https://data.worldpop.org/GIS/AgeSex_structures/Global_2000_2020/2002/BRA/bra_m_75_2002.tif
2002,m,80,bra_m_80_2002.tif,https://data.worldpop.org/GIS/AgeSex_structures/Global_2000_2020/2002/BRA/bra_m_80_2002.tif
2003,f,0,bra_f_0_2003.tif,https://data.worldpop.org/GIS/AgeSex_structures/Global_2000_2020/2003/BRA/bra_f_0_2003.tif
2003,f,1,bra_f_1_2003.tif,https://data.worldpop.org/GIS/AgeSex_structures/Global_2000_2020/2003/BRA/bra_f_1_2003.tif
2003,f,5,bra_f_5_2003.tif,https://data.worldpop.org/GIS/AgeSex_structures/Global_2000_2020/2003/BRA/bra_f_5_2003.tif
2003,f,10,bra_f_10_2003.tif,https://data.worldpop.org/GIS/AgeSex_structures/Global_2000_2020/2003/BRA/bra_f_10_2003.tif
2003,f,15,bra_f_15_2003.tif,https://data.worldpop.org/GIS/AgeSex_structures/Global_2000_2020/2003/BRA/bra_f_15_2003.tif
2003,f,20,bra_f_20_2003.tif,https://data.worldpop.org/GIS/AgeSex_structures/Global_2000_2020/2003/BRA/bra_f_20_2003.tif
2003,f,25,bra_f_25_2003.tif,https://data.worldpop.org/GIS/AgeSex_structures/Global_2000_2020/2003/BRA/bra_f_25_2003.tif
2003,f,30,bra_f_30_2003.tif,https://data.worldpop.org/GIS/AgeSex_structures/Global_2000_2020/2003/BRA/bra_f_30_2003.tif
2003,f,35,bra_f_35_2003.tif,https://data.worldpop.org/GIS/AgeSex_structures/Global_2000_2020/2003/BRA/bra_f_35_2003.tif
2003,f,40,bra_f_40_2003.tif,https://data.worldpop.org/GIS/AgeSex_structures/Global_2000_2020/2003/BRA/bra_f_40_2003.tif
2003,f,45,bra_f_45_2003.tif,https://data.worldpop.org/GIS/AgeSex_structures/Global_2000_2020/2003/BRA/bra_f_45_2003.tif
2003,f,50,bra_f_50_2003.tif,https://data.worldpop.org/GIS/AgeSex_structures/Global_2000_2020/2003/BRA/bra_f_50_2003.tif
2003,f,55,bra_f_55_2003.tif,https://data.worldpop.org/GIS/AgeSex_structures/Global_2000_2020/2003/BRA/bra_f_55_2003.tif
2003,f,60,bra_f_60_2003.tif,https://data.worldpop.org/GIS/AgeSex_structures/Global_2000_2020/2003/BRA/bra_f_60_2003.tif
2003,f,65,bra_f_65_2003.tif,https://data.worldpop.org/GIS/AgeSex_structures/Global_2000_2020/2003/BRA/bra_f_65_2003.tif
2003,f,70,bra_f_70_2003.tif,https://data.worldpop.org/GIS/AgeSex_structures/Global_2000_2020/2003/BRA/bra_f_70_2003.tif
2003,f,75,bra_f_75_2003.tif,https://data.worldpop.org/GIS/AgeSex_structures/Global_2000_2020/2003/BRA/bra_f_75_2003.tif
2003,f,80,bra_f_80_2003.tif,https://data.worldpop.org/GIS/AgeSex_structures/Global_2000_2020/2003/BRA/bra_f_80_2003.tif
2003,m,0,bra_m_0_2003.tif,https://data.worldpop.org/GIS/AgeSex_structures/Global_2000_2020/2003/BRA/bra_m_0_2003.tif
2003,m,1,bra_m_1_2003.tif,https://data.worldpop.org/GIS/AgeSex_structures/Global_2000_2020/2003/BRA/bra_m_1_2003.tif
2003,m,5,bra_m_5_2003.tif,https://data.worldpop.org/GIS/AgeSex_structures/Global_2000_2020/2003/BRA/bra_m_5_2003.tif
2003,m,10,bra_m_10_2003.tif,https://data.worldpop.org/GIS/AgeSex_structures/Global_2000_2020/2003/BRA/bra_m_10_2003.tif
2003,m,15,bra_m_15_2003.tif,https://data.worldpop.org/GIS/AgeSex_structures/Global_2000_2020/2003/BRA/bra_m_15_2003.tif
2003,m,20,bra_m_20_2003.tif,https://data.worldpop.org/GIS/AgeSex_structures/Global_2000_2020/2003/BRA/bra_m_20_2003.tif
2003,m,25,bra_m_25_2003.tif,https://data.worldpop.org/GIS/AgeSex_structures/Global_2000_2020/2003/BRA/bra_m_25_2003.tif
2003,m,30,bra_m_30_2003.tif,https://data.worldpop.org/GIS/AgeSex_structures/Global_2000_2020/2003/BRA/bra_m_30_2003.tif
2003,m,35,bra_m_35_2003.tif,https://data.worldpop.org/GIS/AgeSex_structures/Global_2000_2020/2003/BRA/bra_m_35_2003.tif
2003,m,40,bra_m_40_2003.tif,https://data.worldpop.org/GIS/AgeSex_structures/Global_2000_2020/2003/BRA/bra_m_40_2003.tif
2003,m,45,bra_m_45_2003.tif,https://data.worldpop.org/GIS/AgeSex_structures/Global_2000_2020/2003/BRA/bra_m_45_2003.tif
2003,m,50,bra_m_50_2003.tif,https://data.worldpop.org/GIS/AgeSex_structures/Global_2000_2020/2003/BRA/bra_m_50_2003.tif
2003,m,55,bra_m_55_2003.tif,https://data.worldpop.org/GIS/AgeSex_structures/Global_2000_2020/2003/BRA/bra_m_55_2003.tif
2003,m,60,bra_m_60_2003.tif,https://data.worldpop.org/GIS/AgeSex_structures/Global_2000_2020/2003/BRA/bra_m_60_2003.tif
2003,m,65,bra_m_65_2003.tif,https://data.worldpop.org/GIS/AgeSex_structures/Global_2000_2020/2003/BRA/bra_m_65_2003.tif
2003,m,70,bra_m_70_2003.tif,https://data.worldpop.org/GIS/AgeSex_structures/Global_2000_2020/2003/BRA/bra_m_70_2003.tif
2003,m,75,bra_m_75_2003.tif,https://data.worldpop.org/GIS/AgeSex_structures/Global_2000_2020/2003/BRA/bra_m_75_2003.tif
2003,m,80,bra_m_80_2003.tif,https://data.worldpop.org/GIS/AgeSex_structures/Global_2000_2020/2003/BRA/bra_m_80_2003.tif
2004,f,0,bra_f_0_2004.tif,https://data.worldpop.org/GIS/AgeSex_structures/Global_2000_2020/2004/BRA/bra_f_0_2004.tif
2004,f,1,bra_f_1_2004.tif,https://data.worldpop.org/GIS/AgeSex_structures/Global_2000_2020/2004/BRA/bra_f_1_2004.tif
2004,f,5,bra_f_5_2004.tif,https://data.worldpop.org/GIS/AgeSex_structures/Global_2000_2020/2004/BRA/bra_f_5_2004.tif
2004,f,10,bra_f_10_2004.tif,https://data.worldpop.org/GIS/AgeSex_structures/Global_2000_2020/2004/BRA/bra_f_10_2004.tif
2004,f,15,bra_f_15_2004.tif,https://data.worldpop.org/GIS/AgeSex_structures/Global_2000_2020/2004/BRA/bra_f_15_2004.tif
2004,f,20,bra_f_20_2004.tif,https://data.worldpop.org/GIS/AgeSex_structures/Global_2000_2020/2004/BRA/bra_f_20_2004.tif
2004,f,25,bra_f_25_2004.tif,https://data.worldpop.org/GIS/AgeSex_structures/Global_2000_2020/2004/BRA/bra_f_25_2004.tif
2004,f,30,bra_f_30_2004.tif,https://data.worldpop.org/GIS/AgeSex_structures/Global_2000_2020/2004/BRA/bra_f_30_2004.tif
2004,f,35,bra_f_35_2004.tif,https://data.worldpop.org/GIS/AgeSex_structures/Global_2000_2020/2004/BRA/bra_f_35_2004.tif
2004,f,40,bra_f_40_2004.tif,https://data.worldpop.org/GIS/AgeSex_structures/Global_2000_2020/2004/BRA/bra_f_40_2004.tif
2004,f,45,bra_f_45_2004.tif,https://data.worldpop.org/GIS/AgeSex_structures/Global_2000_2020/2004/BRA/bra_f_45_2004.tif
2004,f,50,bra_f_50_2004.tif,https://data.worldpop.org/GIS/AgeSex_structures/Global_2000_2020/2004/BRA/bra_f_50_2004.tif
2004,f,55,bra_f_55_2004.tif,https://data.worldpop.org/GIS/AgeSex_structures/Global_2000_2020/2004/BRA/bra_f_55_2004.tif
2004,f,60,bra_f_60_2004.tif,https://data.worldpop.org/GIS/AgeSex_structures/Global_2000_2020/2004/BRA/bra_f_60_2004.tif
2004,f,65,bra_f_65_2004.tif,https://data.worldpop.org/GIS/AgeSex_structures/Global_2000_2020/2004/BRA/bra_f_65_2004.tif
2004,f,70,bra_f_70_2004.tif,https://data.worldpop.org/GIS/AgeSex_structures/Global_2000_2020/2004/BRA/bra_f_70_2004.tif
2004,f,75,bra_f_75_2004.tif,https://data.worldpop.org/GIS/AgeSex_structures/Global_2000_2020/2004/BRA/bra_f_75_2004.tif
2004,f,80,bra_f_80_2004.tif,https://data.worldpop.org/GIS/AgeSex_structures/Global_2000_2020/2004/BRA/bra_f_80_2004.tif
2004,m,0,bra_m_0_2004.tif,https://data.worldpop.org/GIS/AgeSex_structures/Global_2000_2020/2004/BRA/bra_m_0_2004.tif
2004,m,1,bra_m_1_2004.tif,https://data.worldpop.org/GIS/AgeSex_structures/Global_2000_2020/2004/BRA/bra_m_1_2004.tif
2004,m,5,bra_m_5_2004.tif,https://data.worldpop.org/GIS/AgeSex_structures/Global_2000_2020/2004/BRA/bra_m_5_2004.tif
2004,m,10,bra_m_10_2004.tif,https://data.worldpop.org/GIS/AgeSex_structures/Global_2000_2020/2004/BRA/bra_m_10_2004.tif
2004,m,15,bra_m_15_2004.tif,https://data.worldpop.org/GIS/AgeSex_structures/Global_2000_2020/2004/BRA/bra_m_15_2004.tif
2004,m,20,bra_m_20_2004.tif,https://data.worldpop.org/GIS/AgeSex_structures/Global_2000_2020/2004/BRA/bra_m_20_2004.tif
2004,m,25,bra_m_25_2004.tif,https://data.worldpop.org/GIS/AgeSex_structures/Global_2000_2020/2004/BRA/bra_m_25_2004.tif
2004,m,30,bra_m_30_2004.tif,https://data.worldpop.org/GIS/AgeSex_structures/Global_2000_2020/2004/BRA/bra_m_30_2004.tif
2004,m,35,bra_m_35_2004.tif,https://data.worldpop.org/GIS/AgeSex_structures/Global_2000_2020/2004/BRA/bra_m_35_2004.tif
2004,m,40,bra_m_40_2004.tif,https://data.worldpop.org/GIS/AgeSex_structures/Global_2000_2020/2004/BRA/bra_m_40_2004.tif
2004,m,45,bra_m_45_2004.tif,https://data.worldpop.org/GIS/AgeSex_structures/Global_2000_2020/2004/BRA/bra_m_45_2004.tif
2004,m,50,bra_m_50_2004.tif,https://data.worldpop.org/GIS/AgeSex_structures/Global_2000_2020/2004/BRA/bra_m_50_2004.tif
2004,m,55,bra_m_55_2004.tif,https://data.worldpop.org/GIS/AgeSex_structures/Global_2000_2020/2004/BRA/bra_m_55_2004.tif
2004,m,60,bra_m_60_2004.tif,https://data.worldpop.org/GIS/AgeSex_structures/Global_2000_2020/2004/BRA/bra_m_60_2004.tif
2004,m,65,bra_m_65_2004.tif,https://data.worldpop.org/GIS/AgeSex_structures/Global_2000_2020/2004/BRA/bra_m_65_2004.tif
2004,m,70,bra_m_70_2004.tif,https://data.worldpop.org/GIS/AgeSex_structures/Global_2000_2020/2004/BRA/bra_m_70_2004.tif
2004,m,75,bra_m_75_2004.tif,https://data.worldpop.org/GIS/AgeSex_structures/Global_2000_2020/2004/BRA/bra_m_75_2004.tif
2004,m,80,bra_m_80_2004.tif,https://data.worldpop.org/GIS/AgeSex_structures/Global_2000_2020/2004/BRA/bra_m_80_2004.tif
2005,f,0,bra_f_0_2005.tif,https://data.worldpop.org/GIS/AgeSex_structures/Global_2000_2020/2005/BRA/bra_f_0_2005.tif
2005,f,1,bra_f_1_2005.tif,https://data.worldpop.org/GIS/AgeSex_structures/Global_2000_2020/2005/BRA/bra_f_1_2005.tif
2005,f,5,bra_f_5_2005.tif,https://data.worldpop.org/GIS/AgeSex_structures/Global_2000_2020/2005/BRA/bra_f_5_2005.tif
2005,f,10,bra_f_10_2005.tif,https://data.worldpop.org/GIS/AgeSex_structures/Global_2000_2020/2005/BRA/bra_f_10_2005.tif
2005,f,15,bra_f_15_2005.tif,https://data.worldpop.org/GIS/AgeSex_structures/Global_2000_2020/2005/BRA/bra_f_15_2005.tif
2005,f,20,bra_f_20_2005.tif,https://data.worldpop.org/GIS/AgeSex_structures/Global_2000_2020/2005/BRA/bra_f_20_2005.tif
2005,f,25,bra_f_25_2005.tif,https://data.worldpop.org/GIS/AgeSex_structures/Global_2000_2020/2005/BRA/bra_f_25_2005.tif
2005,f,30,bra_f_30_2005.tif,https://data.worldpop.org/GIS/AgeSex_structures/Global_2000_2020/2005/BRA/bra_f_30_2005.tif
2005,f,35,bra_f_35_2005.tif,https://data.worldpop.org/GIS/AgeSex_structures/Global_2000_2020/2005/BRA/bra_f_35_2005.tif
2005,f,40,bra_f_40_2005.tif,https://data.worldpop.org/GIS/AgeSex_structures/Global_2000_2020/2005/BRA/bra_f_40_2005.tif
2005,f,45,bra_f_45_2005.tif,https://data.worldpop.org/GIS/AgeSex_structures/Global_2000_2020/2005/BRA/bra_f_45_2005.tif
2005,f,50,bra_f_50_2005.tif,https://data.worldpop.org/GIS/AgeSex_structures/Global_2000_2020/2005/BRA/bra_f_50_2005.tif
2005,f,55,bra_f_55_2005.tif,https://data.worldpop.org/GIS/AgeSex_structures/Global_2000_2020/2005/BRA/bra_f_55_2005.tif
2005,f,60,bra_f_60_2005.tif,https://data.worldpop.org/GIS/AgeSex_structures/Global_2000_2020/2005/BRA/bra_f_60_2005.tif
2005,f,65,bra_f_65_2005.tif,https://data.worldpop.org/GIS/AgeSex_structures/Global_2000_2020/2005/BRA/bra_f_65_2005.tif
2005,f,70,bra_f_70_2005.tif,https://data.worldpop.org/GIS/AgeSex_structures/Global_2000_2020/2005/BRA/bra_f_70_2005.tif
2005,f,75,bra_f_75_2005.tif,https://data.worldpop.org/GIS/AgeSex_structures/Global_2000_2020/2005/BRA/bra_f_75_2005.tif
2005,f,80,bra_f_80_2005.tif,https://data.worldpop.org/GIS/AgeSex_structures/Global_2000_2020/2005/BRA/bra_f_80_2005.tif
2005,m,0,bra_m_0_2005.tif,https://data.worldpop.org/GIS/AgeSex_structures/Global_2000_2020/2005/BRA/bra_m_0_2005.tif
2005,m,1,bra_m_1_2005.tif,https://data.worldpop.org/GIS/AgeSex_structures/Global_2000_2020/2005/BRA/bra_m_1_2005.tif
2005,m,5,bra_m_5_2005.tif,https://data.worldpop.org/GIS/AgeSex_structures/Global_2000_2020/2005/BRA/bra_m_5_2005.tif
2005,m,10,bra_m_10_2005.tif,https://data.worldpop.org/GIS/AgeSex_structures/Global_2000_2020/2005/BRA/bra_m_10_2005.tif
2005,m,15,bra_m_15_2005.tif,https://data.worldpop.org/GIS/AgeSex_structures/Global_2000_2020/2005/BRA/bra_m_15_2005.tif
2005,m,20,bra_m_20_2005.tif,https://data.worldpop.org/GIS/AgeSex_structures/Global_2000_2020/2005/BRA/bra_m_20_2005.tif
2005,m,25,bra_m_25_2005.tif,https://data.worldpop.org/GIS/AgeSex_structures/Global_2000_2020/2005/BRA/bra_m_25_2005.tif
2005,m,30,bra_m_30_2005.tif,https://data.worldpop.org/GIS/AgeSex_structures/Global_2000_2020/2005/BRA/bra_m_30_2005.tif
2005,m,35,bra_m_35_2005.tif,https://data.worldpop.org/GIS/AgeSex_structures/Global_2000_2020/2005/BRA/bra_m_35_2005.tif
2005,m,40,bra_m_40_2005.tif,https://data.worldpop.org/GIS/AgeSex_structures/Global_2000_2020/2005/BRA/bra_m_40_2005.tif
2005,m,45,bra_m_45_2005.tif,https://data.worldpop.org/GIS/AgeSex_structures/Global_2000_2020/2005/BRA/bra_m_45_2005.tif
2005,m,50,bra_m_50_2005.tif,https://data.worldpop.org/GIS/AgeSex_structures/Global_2000_2020/2005/BRA/bra_m_50_2005.tif
2005,m,55,bra_m_55_2005.tif,https://data.worldpop.org/GIS/AgeSex_structures/Global_2000_2020/2005/BRA/bra_m_55_2005.tif
2005,m,60,bra_m_60_2005.tif,https://data.worldpop.org/GIS/AgeSex_structures/Global_2000_2020/2005/BRA/bra_m_60_2005.tif
2005,m,65,bra_m_65_2005.tif,https://data.worldpop.org/GIS/AgeSex_structures/Global_2000_2020/2005/BRA/bra_m_65_2005.tif
2005,m,70,bra_m_70_2005.tif,https://data.worldpop.org/GIS/AgeSex_structures/Global_2000_2020/2005/BRA/bra_m_70_2005.tif
2005,m,75,bra_m_75_2005.tif,https://data.worldpop.org/GIS/AgeSex_structures/Global_2000_2020/2005/BRA/bra_m_75_2005.tif
2005,m,80,bra_m_80_2005.tif,https://data.worldpop.org/GIS/AgeSex_structures/Global_2000_2020/2005/BRA/bra_m_80_2005.tif
2006,f,0,bra_f_0_2006.tif,https://data.worldpop.org/GIS/AgeSex_structures/Global_2000_2020/2006/BRA/bra_f_0_2006.tif
2006,f,1,bra_f_1_2006.tif,https://data.worldpop.org/GIS/AgeSex_structures/Global_2000_2020/2006/BRA/bra_f_1_2006.tif
2006,f,5,bra_f_5_2006.tif,https://data.worldpop.org/GIS/AgeSex_structures/Global_2000_2020/2006/BRA/bra_f_5_2006.tif
2006,f,10,bra_f_10_2006.tif,https://data.worldpop.org/GIS/AgeSex_structures/Global_2000_2020/2006/BRA/bra_f_10_2006.tif
2006,f,15,bra_f_15_2006.tif,https://data.worldpop.org/GIS/AgeSex_structures/Global_2000_2020/2006/BRA/bra_f_15_2006.tif
2006,f,20,bra_f_20_2006.tif,https://data.worldpop.org/GIS/AgeSex_structures/Global_2000_2020/2006/BRA/bra_f_20_2006.tif
2006,f,25,bra_f_25_2006.tif,https://data.worldpop.org/GIS/AgeSex_structures/Global_2000_2020/2006/BRA/bra_f_25_2006.tif
2006,f,30,bra_f_30_2006.tif,https://data.worldpop.org/GIS/AgeSex_structures/Global_2000_2020/2006/BRA/bra_f_30_2006.tif
2006,f,35,bra_f_35_2006.tif,https://data.worldpop.org/GIS/AgeSex_structures/Global_2000_2020/2006/BRA/bra_f_35_2006.tif
2006,f,40,bra_f_40_2006.tif,https://data.worldpop.org/GIS/AgeSex_structures/Global_2000_2020/2006/BRA/bra_f_40_2006.tif
2006,f,45,bra_f_45_2006.tif,https://data.worldpop.org/GIS/AgeSex_structures/Global_2000_2020/2006/BRA/bra_f_45_2006.tif
2006,f,50,bra_f_50_2006.tif,https://data.worldpop.org/GIS/AgeSex_structures/Global_2000_2020/2006/BRA/bra_f_50_2006.tif
2006,f,55,bra_f_55_2006.tif,https://data.worldpop.org/GIS/AgeSex_structures/Global_2000_2020/2006/BRA/bra_f_55_2006.tif
2006,f,60,bra_f_60_2006.tif,https://data.worldpop.org/GIS/AgeSex_structures/Global_2000_2020/2006/BRA/bra_f_60_2006.tif
2006,f,65,bra_f_65_2006.tif,https://data.worldpop.org/GIS/AgeSex_structures/Global_2000_2020/2006/BRA/bra_f_65_2006.tif
2006,f,70,bra_f_70_2006.tif,https://data.worldpop.org/GIS/AgeSex_structures/Global_2000_2020/2006/BRA/bra_f_70_2006.tif
2006,f,75,bra_f_75_2006.tif,https://data.worldpop.org/GIS/AgeSex_structures/Global_2000_2020/2006/BRA/bra_f_75_2006.tif
2006,f,80,bra_f_80_2006.tif,https://data.worldpop.org/GIS/AgeSex_structures/Global_2000_2020/2006/BRA/bra_f_80_2006.tif
2006,m,0,bra_m_0_2006.tif,https://data.worldpop.org/GIS/AgeSex_structures/Global_2000_2020/2006/BRA/bra_m_0_2006.tif
2006,m,1,bra_m_1_2006.tif,https://data.worldpop.org/GIS/AgeSex_structures/Global_2000_2020/2006/BRA/bra_m_1_2006.tif
2006,m,5,bra_m_5_2006.tif,https://data.worldpop.org/GIS/AgeSex_structures/Global_2000_2020/2006/BRA/bra_m_5_2006.tif
2006,m,10,bra_m_10_2006.tif,https://data.worldpop.org/GIS/AgeSex_structures/Global_2000_2020/2006/BRA/bra_m_10_2006.tif
2006,m,15,bra_m_15_2006.tif,https://data.worldpop.org/GIS/AgeSex_structures/Global_2000_2020/2006/BRA/bra_m_15_2006.tif
2006,m,20,bra_m_20_2006.tif,https://data.worldpop.org/GIS/AgeSex_structures/Global_2000_2020/2006/BRA/bra_m_20_2006.tif
2006,m,25,bra_m_25_2006.tif,https://data.worldpop.org/GIS/AgeSex_structures/Global_2000_2020/2006/BRA/bra_m_25_2006.tif
2006,m,30,bra_m_30_2006.tif,https://data.worldpop.org/GIS/AgeSex_structures/Global_2000_2020/2006/BRA/bra_m_30_2006.tif
2006,m,35,bra_m_35_2006.tif,https://data.worldpop.org/GIS/AgeSex_structures/Global_2000_2020/2006/BRA/bra_m_35_2006.tif
2006,m,40,bra_m_40_2006.tif,https://data.worldpop.org/GIS/AgeSex_structures/Global_2000_2020/2006/BRA/bra_m_40_2006.tif
2006,m,45,bra_m_45_2006.tif,https://data.worldpop.org/GIS/AgeSex_structures/Global_2000_2020/2006/BRA/bra_m_45_2006.tif
2006,m,50,bra_m_50_2006.tif,https://data.worldpop.org/GIS/AgeSex_structures/Global_2000_2020/2006/BRA/bra_m_50_2006.tif
2006,m,55,bra_m_55_2006.tif,https://data.worldpop.org/GIS/AgeSex_structures/Global_2000_2020/2006/BRA/bra_m_55_2006.tif
2006,m,60,bra_m_60_2006.tif,https://data.worldpop.org/GIS/AgeSex_structures/Global_2000_2020/2006/BRA/bra_m_60_2006.tif
2006,m,65,bra_m_65_2006.tif,https://data.worldpop.org/GIS/AgeSex_structures/Global_2000_2020/2006/BRA/bra_m_65_2006.tif
2006,m,70,bra_m_70_2006.tif,https://data.worldpop.org/GIS/AgeSex_structures/Global_2000_2020/2006/BRA/bra_m_70_2006.tif
2006,m,75,bra_m_75_2006.tif,https://data.worldpop.org/GIS/AgeSex_structures/Global_2000_2020/2006/BRA/bra_m_75_2006.tif
2006,m,80,bra_m_80_2006.tif,https://data.worldpop.org/GIS/AgeSex_structures/Global_2000_2020/2006/BRA/bra_m_80_2006.tif
2007,f,0,bra_f_0_2007.tif,https://data.worldpop.org/GIS/AgeSex_structures/Global_2000_2020/2007/BRA/bra_f_0_2007.tif
2007,f,1,bra_f_1_2007.tif,https://data.worldpop.org/GIS/AgeSex_structures/Global_2000_2020/2007/BRA/bra_f_1_2007.tif
2007,f,5,bra_f_5_2007.tif,https://data.worldpop.org/GIS/AgeSex_structures/Global_2000_2020/2007/BRA/bra_f_5_2007.tif
2007,f,10,bra_f_10_2007.tif,https://data.worldpop.org/GIS/AgeSex_structures/Global_2000_2020/2007/BRA/bra_f_10_2007.tif
2007,f,15,bra_f_15_2007.tif,https://data.worldpop.org/GIS/AgeSex_structures/Global_2000_2020/2007/BRA/bra_f_15_2007.tif
2007,f,20,bra_f_20_2007.tif,https://data.worldpop.org/GIS/AgeSex_structures/Global_2000_2020/2007/BRA/bra_f_20_2007.tif
2007,f,25,bra_f_25_2007.tif,https://data.worldpop.org/GIS/AgeSex_structures/Global_2000_2020/2007/BRA/bra_f_25_2007.tif
2007,f,30,bra_f_30_2007.tif,https://data.worldpop.org/GIS/AgeSex_structures/Global_2000_2020/2007/BRA/bra_f_30_2007.tif
2007,f,35,bra_f_35_2007.tif,https://data.worldpop.org/GIS/AgeSex_structures/Global_2000_2020/2007/BRA/bra_f_35_2007.tif
2007,f,40,bra_f_40_2007.tif,https://data.worldpop.org/GIS/AgeSex_structures/Global_2000_2020/2007/BRA/bra_f_40_2007.tif
2007,f,45,bra_f_45_2007.tif,https://data.worldpop.org/GIS/AgeSex_structures/Global_2000_2020/2007/BRA/bra_f_45_2007.tif
2007,f,50,bra_f_50_2007.tif,https://data.worldpop.org/GIS/AgeSex_structures/Global_2000_2020/2007/BRA/bra_f_50_2007.tif
2007,f,55,bra_f_55_2007.tif,https://data.worldpop.org/GIS/AgeSex_structures/Global_2000_2020/2007/BRA/bra_f_55_2007.tif
2007,f,60,bra_f_60_2007.tif,https://data.worldpop.org/GIS/AgeSex_structures/Global_2000_2020/2007/BRA/bra_f_60_2007.tif
2007,f,65,bra_f_65_2007.tif,https://data.worldpop.org/GIS/AgeSex_structures/Global_2000_2020/2007/BRA/bra_f_65_2007.tif
2007,f,70,bra_f_70_2007.tif,https://data.worldpop.org/GIS/AgeSex_structures/Global_2000_2020/2007/BRA/bra_f_70_2007.tif
2007,f,75,bra_f_75_2007.tif,https://data.worldpop.org/GIS/AgeSex_structures/Global_2000_2020/2007/BRA/bra_f_75_2007.tif
2007,f,80,bra_f_80_2007.tif,https://data.worldpop.org/GIS/AgeSex_structures/Global_2000_2020/2007/BRA/bra_f_80_2007.tif
2007,m,0,bra_m_0_2007.tif,https://data.worldpop.org/GIS/AgeSex_structures/Global_2000_2020/2007/BRA/bra_m_0_2007.tif
2007,m,1,bra_m_1_2007.tif,https://data.worldpop.org/GIS/AgeSex_structures/Global_2000_2020/2007/BRA/bra_m_1_2007.tif
2007,m,5,bra_m_5_2007.tif,https://data.worldpop.org/GIS/AgeSex_structures/Global_2000_2020/2007/BRA/bra_m_5_2007.tif
2007,m,10,bra_m_10_2007.tif,https://data.worldpop.org/GIS/AgeSex_structures/Global_2000_2020/2007/BRA/bra_m_10_2007.tif
2007,m,15,bra_m_15_2007.tif,https://data.worldpop.org/GIS/AgeSex_structures/Global_2000_2020/2007/BRA/bra_m_15_2007.tif
2007,m,20,bra_m_20_2007.tif,https://data.worldpop.org/GIS/AgeSex_structures/Global_2000_2020/2007/BRA/bra_m_20_2007.tif
2007,m,25,bra_m_25_2007.tif,https://data.worldpop.org/GIS/AgeSex_structures/Global_2000_2020/2007/BRA/bra_m_25_2007.tif
2007,m,30,bra_m_30_2007.tif,https://data.worldpop.org/GIS/AgeSex_structures/Global_2000_2020/2007/BRA/bra_m_30_2007.tif
2007,m,35,bra_m_35_2007.tif,https://data.worldpop.org/GIS/AgeSex_structures/Global_2000_2020/2007/BRA/bra_m_35_2007.tif
2007,m,40,bra_m_40_2007.tif,https://data.worldpop.org/GIS/AgeSex_structures/Global_2000_2020/2007/BRA/bra_m_40_2007.tif
2007,m,45,bra_m_45_2007.tif,https://data.worldpop.org/GIS/AgeSex_structures/Global_2000_2020/2007/BRA/bra_m_45_2007.tif
2007,m,50,bra_m_50_2007.tif,https://data.worldpop.org/GIS/AgeSex_structures/Global_2000_2020/2007/BRA/bra_m_50_2007.tif
2007,m,55,bra_m_55_2007.tif,https://data.worldpop.org/GIS/AgeSex_structures/Global_2000_2020/2007/BRA/bra_m_55_2007.tif
2007,m,60,bra_m_60_2007.tif,https://data.worldpop.org/GIS/AgeSex_structures/Global_2000_2020/2007/BRA/bra_m_60_2007.tif
2007,m,65,bra_m_65_2007.tif,https://data.worldpop.org/GIS/AgeSex_structures/Global_2000_2020/2007/BRA/bra_m_65_2007.tif
2007,m,70,bra_m_70_2007.tif,https://data.worldpop.org/GIS/AgeSex_structures/Global_2000_2020/2007/BRA/bra_m_70_2007.tif
2007,m,75,bra_m_75_2007.tif,https://data.worldpop.org/GIS/AgeSex_structures/Global_2000_2020/2007/BRA/bra_m_75_2007.tif
2007,m,80,bra_m_80_2007.tif,https://data.worldpop.org/GIS/AgeSex_structures/Global_2000_2020/2007/BRA/bra_m_80_2007.tif
2008,f,0,bra_f_0_2008.tif,https://data.worldpop.org/GIS/AgeSex_structures/Global_2000_2020/2008/BRA/bra_f_0_2008.tif
2008,f,1,bra_f_1_2008.tif,https://data.worldpop.org/GIS/AgeSex_structures/Global_2000_2020/2008/BRA/bra_f_1_2008.tif
2008,f,5,bra_f_5_2008.tif,https://data.worldpop.org/GIS/AgeSex_structures/Global_2000_2020/2008/BRA/bra_f_5_2008.tif
2008,f,10,bra_f_10_2008.tif,https://data.worldpop.org/GIS/AgeSex_structures/Global_2000_2020/2008/BRA/bra_f_10_2008.tif
2008,f,15,bra_f_15_2008.tif,https://data.worldpop.org/GIS/AgeSex_structures/Global_2000_2020/2008/BRA/bra_f_15_2008.tif
2008,f,20,bra_f_20_2008.tif,https://data.worldpop.org/GIS/AgeSex_structures/Global_2000_2020/2008/BRA/bra_f_20_2008.tif
2008,f,25,bra_f_25_2008.tif,https://data.worldpop.org/GIS/AgeSex_structures/Global_2000_2020/2008/BRA/bra_f_25_2008.tif
2008,f,30,bra_f_30_2008.tif,https://data.worldpop.org/GIS/AgeSex_structures/Global_2000_2020/2008/BRA/bra_f_30_2008.tif
2008,f,35,bra_f_35_2008.tif,https://data.worldpop.org/GIS/AgeSex_structures/Global_2000_2020/2008/BRA/bra_f_35_2008.tif
2008,f,40,bra_f_40_2008.tif,https://data.worldpop.org/GIS/AgeSex_structures/Global_2000_2020/2008/BRA/bra_f_40_2008.tif
2008,f,45,bra_f_45_2008.tif,https://data.worldpop.org/GIS/AgeSex_structures/Global_2000_2020/2008/BRA/bra_f_45_2008.tif
2008,f,50,bra_f_50_2008.tif,https://data.worldpop.org/GIS/AgeSex_structures/Global_2000_2020/2008/BRA/bra_f_50_2008.tif
2008,f,55,bra_f_55_2008.tif,https://data.worldpop.org/GIS/AgeSex_structures/Global_2000_2020/2008/BRA/bra_f_55_2008.tif
2008,f,60,bra_f_60_2008.tif,https://data.worldpop.org/GIS/AgeSex_structures/Global_2000_2020/2008/BRA/bra_f_60_2008.tif
2008,f,65,bra_f_65_2008.tif,https://data.worldpop.org/GIS/AgeSex_structures/Global_2000_2020/2008/BRA/bra_f_65_2008.tif
2008,f,70,bra_f_70_2008.tif,https://data.worldpop.org/GIS/AgeSex_structures/Global_2000_2020/2008/BRA/bra_f_70_2008.tif
2008,f,75,bra_f_75_2008.tif,https://data.worldpop.org/GIS/AgeSex_structures/Global_2000_2020/2008/BRA/bra_f_75_2008.tif
2008,f,80,bra_f_80_2008.tif,https://data.worldpop.org/GIS/AgeSex_structures/Global_2000_2020/2008/BRA/bra_f_80_2008.tif
2008,m,0,bra_m_0_2008.tif,https://data.worldpop.org/GIS/AgeSex_structures/Global_2000_2020/2008/BRA/bra_m_0_2008.tif
2008,m,1,bra_m_1_2008.tif,https://data.worldpop.org/GIS/AgeSex_structures/Global_2000_2020/2008/BRA/bra_m_1_2008.tif
2008,m,5,bra_m_5_2008.tif,https://data.worldpop.org/GIS/AgeSex_structures/Global_2000_2020/2008/BRA/bra_m_5_2008.tif
2008,m,10,bra_m_10_2008.tif,https://data.worldpop.org/GIS/AgeSex_structures/Global_2000_2020/2008/BRA/bra_m_10_2008.tif
2008,m,15,bra_m_15_2008.tif,https://data.worldpop.org/GIS/AgeSex_structures/Global_2000_2020/2008/BRA/bra_m_15_2008.tif
2008,m,20,bra_m_20_2008.tif,https://data.worldpop.org/GIS/AgeSex_structures/Global_2000_2020/2008/BRA/bra_m_20_2008.tif
2008,m,25,bra_m_25_2008.tif,https://data.worldpop.org/GIS/AgeSex_structures/Global_2000_2020/2008/BRA/bra_m_25_2008.tif
2008,m,30,bra_m_30_2008.tif,https://data.worldpop.org/GIS/AgeSex_structures/Global_2000_2020/2008/BRA/bra_m_30_2008.tif
2008,m,35,bra_m_35_2008.tif,https://data.worldpop.org/GIS/AgeSex_structures/Global_2000_2020/2008/BRA/bra_m_35_2008.tif
2008,m,40,bra_m_40_2008.tif,https://data.worldpop.org/GIS/AgeSex_structures/Global_2000_2020/2008/BRA/bra_m_40_2008.tif
2008,m,45,bra_m_45_2008.tif,https://data.worldpop.org/GIS/AgeSex_structures/Global_2000_2020/2008/BRA/bra_m_45_2008.tif
2008,m,50,bra_m_50_2008.tif,https://data.worldpop.org/GIS/AgeSex_structures/Global_2000_2020/2008/BRA/bra_m_50_2008.tif
2008,m,55,bra_m_55_2008.tif,https://data.worldpop.org/GIS/AgeSex_structures/Global_2000_2020/2008/BRA/bra_m_55_2008.tif
2008,m,60,bra_m_60_2008.tif,https://data.worldpop.org/GIS/AgeSex_structures/Global_2000_2020/2008/BRA/bra_m_60_2008.tif
2008,m,65,bra_m_65_2008.tif,https://data.worldpop.org/GIS/AgeSex_structures/Global_2000_2020/2008/BRA/bra_m_65_2008.tif
2008,m,70,bra_m_70_2008.tif,https://data.worldpop.org/GIS/AgeSex_structures/Global_2000_2020/2008/BRA/bra_m_70_2008.tif
2008,m,75,bra_m_75_2008.tif,https://data.worldpop.org/GIS/AgeSex_structures/Global_2000_2020/2008/BRA/bra_m_75_2008.tif
2008,m,80,bra_m_80_2008.tif,https://data.worldpop.org/GIS/AgeSex_structures/Global_2000_2020/2008/BRA/bra_m_80_2008.tif
2009,f,0,bra_f_0_2009.tif,https://data.worldpop.org/GIS/AgeSex_structures/Global_2000_2020/2009/BRA/bra_f_0_2009.tif
2009,f,1,bra_f_1_2009.tif,https://data.worldpop.org/GIS/AgeSex_structures/Global_2000_2020/2009/BRA/bra_f_1_2009.tif
2009,f,5,bra_f_5_2009.tif,https://data.worldpop.org/GIS/AgeSex_structures/Global_2000_2020/2009/BRA/bra_f_5_2009.tif
2009,f,10,bra_f_10_2009.tif,https://data.worldpop.org/GIS/AgeSex_structures/Global_2000_2020/2009/BRA/bra_f_10_2009.tif
2009,f,15,bra_f_15_2009.tif,https://data.worldpop.org/GIS/AgeSex_structures/Global_2000_2020/2009/BRA/bra_f_15_2009.tif
2009,f,20,bra_f_20_2009.tif,https://data.worldpop.org/GIS/AgeSex_structures/Global_2000_2020/2009/BRA/bra_f_20_2009.tif
2009,f,25,bra_f_25_2009.tif,https://data.worldpop.org/GIS/AgeSex_structures/Global_2000_2020/2009/BRA/bra_f_25_2009.tif
2009,f,30,bra_f_30_2009.tif,https://data.worldpop.org/GIS/AgeSex_structures/Global_2000_2020/2009/BRA/bra_f_30_2009.tif
2009,f,35,bra_f_35_2009.tif,https://data.worldpop.org/GIS/AgeSex_structures/Global_2000_2020/2009/BRA/bra_f_35_2009.tif
2009,f,40,bra_f_40_2009.tif,https://data.worldpop.org/GIS/AgeSex_structures/Global_2000_2020/2009/BRA/bra_f_40_2009.tif
2009,f,45,bra_f_45_2009.tif,https://data.worldpop.org/GIS/AgeSex_structures/Global_2000_2020/2009/BRA/bra_f_45_2009.tif
2009,f,50,bra_f_50_2009.tif,https://data.worldpop.org/GIS/AgeSex_structures/Global_2000_2020/2009/BRA/bra_f_50_2009.tif
2009,f,55,bra_f_55_2009.tif,https://data.worldpop.org/GIS/AgeSex_structures/Global_2000_2020/2009/BRA/bra_f_55_2009.tif
2009,f,60,bra_f_60_2009.tif,https://data.worldpop.org/GIS/AgeSex_structures/Global_2000_2020/2009/BRA/bra_f_60_2009.tif
2009,f,65,bra_f_65_2009.tif,https://data.worldpop.org/GIS/AgeSex_structures/Global_2000_2020/2009/BRA/bra_f_65_2009.tif
2009,f,70,bra_f_70_2009.tif,https://data.worldpop.org/GIS/AgeSex_structures/Global_2000_2020/2009/BRA/bra_f_70_2009.tif
2009,f,75,bra_f_75_2009.tif,https://data.worldpop.org/GIS/AgeSex_structures/Global_2000_2020/2009/BRA/bra_f_75_2009.tif
2009,f,80,bra_f_80_2009.tif,https://data.worldpop.org/GIS/AgeSex_structures/Global_2000_2020/2009/BRA/bra_f_80_2009.tif
2009,m,0,bra_m_0_2009.tif,https://data.worldpop.org/GIS/AgeSex_structures/Global_2000_2020/2009/BRA/bra_m_0_2009.tif
2009,m,1,bra_m_1_2009.tif,https://data.worldpop.org/GIS/AgeSex_structures/Global_2000_2020/2009/BRA/bra_m_1_2009.tif
2009,m,5,bra_m_5_2009.tif,https://data.worldpop.org/GIS/AgeSex_structures/Global_2000_2020/2009/BRA/bra_m_5_2009.tif
2009,m,10,bra_m_10_2009.tif,https://data.worldpop.org/GIS/AgeSex_structures/Global_2000_2020/2009/BRA/bra_m_10_2009.tif
2009,m,15,bra_m_15_2009.tif,https://data.worldpop.org/GIS/AgeSex_structures/Global_2000_2020/2009/BRA/bra_m_15_2009.tif
2009,m,20,bra_m_20_2009.tif,https://data.worldpop.org/GIS/AgeSex_structures/Global_2000_2020/2009/BRA/bra_m_20_2009.tif
2009,m,25,bra_m_25_2009.tif,https://data.worldpop.org/GIS/AgeSex_structures/Global_2000_2020/2009/BRA/bra_m_25_2009.tif
2009,m,30,bra_m_30_2009.tif,https://data.worldpop.org/GIS/AgeSex_structures/Global_2000_2020/2009/BRA/bra_m_30_2009.tif
2009,m,35,bra_m_35_2009.tif,https://data.worldpop.org/GIS/AgeSex_structures/Global_2000_2020/2009/BRA/bra_m_35_2009.tif
2009,m,40,bra_m_40_2009.tif,https://data.worldpop.org/GIS/AgeSex_structures/Global_2000_2020/2009/BRA/bra_m_40_2009.tif
2009,m,45,bra_m_45_2009.tif,https://data.worldpop.org/GIS/AgeSex_structures/Global_2000_2020/2009/BRA/bra_m_45_2009.tif
2009,m,50,bra_m_50_2009.tif,https://data.worldpop.org/GIS/AgeSex_structures/Global_2000_2020/2009/BRA/bra_m_50_2009.tif
2009,m,55,bra_m_55_2009.tif,https://data.worldpop.org/GIS/AgeSex_structures/Global_2000_2020/2009/BRA/bra_m_55_2009.tif
2009,m,60,bra_m_60_2009.tif,https://data.worldpop.org/GIS/AgeSex_structures/Global_2000_2020/2009/BRA/bra_m_60_2009.tif
2009,m,65,bra_m_65_2009.tif,https://data.worldpop.org/GIS/AgeSex_structures/Global_2000_2020/2009/BRA/bra_m_65_2009.tif
2009,m,70,bra_m_70_2009.tif,https://data.worldpop.org/GIS/AgeSex_structures/Global_2000_2020/2009/BRA/bra_m_70_2009.tif
2009,m,75,bra_m_75_2009.tif,https://data.worldpop.org/GIS/AgeSex_structures/Global_2000_2020/2009/BRA/bra_m_75_2009.tif
2009,m,80,bra_m_80_2009.tif,https://data.worldpop.org/GIS/AgeSex_structures/Global_2000_2020/2009/BRA/bra_m_80_2009.tif
2010,f,0,bra_f_0_2010.tif,https://data.worldpop.org/GIS/AgeSex_structures/Global_2000_2020/2010/BRA/bra_f_0_2010.tif
2010,f,1,bra_f_1_2010.tif,https://data.worldpop.org/GIS/AgeSex_structures/Global_2000_2020/2010/BRA/bra_f_1_2010.tif
2010,f,5,bra_f_5_2010.tif,https://data.worldpop.org/GIS/AgeSex_structures/Global_2000_2020/2010/BRA/bra_f_5_2010.tif
2010,f,10,bra_f_10_2010.tif,https://data.worldpop.org/GIS/AgeSex_structures/Global_2000_2020/2010/BRA/bra_f_10_2010.tif
2010,f,15,bra_f_15_2010.tif,https://data.worldpop.org/GIS/AgeSex_structures/Global_2000_2020/2010/BRA/bra_f_15_2010.tif
2010,f,20,bra_f_20_2010.tif,https://data.worldpop.org/GIS/AgeSex_structures/Global_2000_2020/2010/BRA/bra_f_20_2010.tif
2010,f,25,bra_f_25_2010.tif,https://data.worldpop.org/GIS/AgeSex_structures/Global_2000_2020/2010/BRA/bra_f_25_2010.tif
2010,f,30,bra_f_30_2010.tif,https://data.worldpop.org/GIS/AgeSex_structures/Global_2000_2020/2010/BRA/bra_f_30_2010.tif
2010,f,35,bra_f_35_2010.tif,https://data.worldpop.org/GIS/AgeSex_structures/Global_2000_2020/2010/BRA/bra_f_35_2010.tif
2010,f,40,bra_f_40_2010.tif,https://data.worldpop.org/GIS/AgeSex_structures/Global_2000_2020/2010/BRA/bra_f_40_2010.tif
2010,f,45,bra_f_45_2010.tif,https://data.worldpop.org/GIS/AgeSex_structures/Global_2000_2020/2010/BRA/bra_f_45_2010.tif
2010,f,50,bra_f_50_2010.tif,https://data.worldpop.org/GIS/AgeSex_structures/Global_2000_2020/2010/BRA/bra_f_50_2010.tif
2010,f,55,bra_f_55_2010.tif,https://data.worldpop.org/GIS/AgeSex_structures/Global_2000_2020/2010/BRA/bra_f_55_2010.tif
2010,f,60,bra_f_60_2010.tif,https://data.worldpop.org/GIS/AgeSex_structures/Global_2000_2020/2010/BRA/bra_f_60_2010.tif
2010,f,65,bra_f_65_2010.tif,https://data.worldpop.org/GIS/AgeSex_structures/Global_2000_2020/2010/BRA/bra_f_65_2010.tif
2010,f,70,bra_f_70_2010.tif,https://data.worldpop.org/GIS/AgeSex_structures/Global_2000_2020/2010/BRA/bra_f_70_2010.tif
2010,f,75,bra_f_75_2010.tif,https://data.worldpop.org/GIS/AgeSex_structures/Global_2000_2020/2010/BRA/bra_f_75_2010.tif
2010,f,80,bra_f_80_2010.tif,https://data.worldpop.org/GIS/AgeSex_structures/Global_2000_2020/2010/BRA/bra_f_80_2010.tif
2010,m,0,bra_m_0_2010.tif,https://data.worldpop.org/GIS/AgeSex_structures/Global_2000_2020/2010/BRA/bra_m_0_2010.tif
2010,m,1,bra_m_1_2010.tif,https://data.worldpop.org/GIS/AgeSex_structures/Global_2000_2020/2010/BRA/bra_m_1_2010.tif
2010,m,5,bra_m_5_2010.tif,https://data.worldpop.org/GIS/AgeSex_structures/Global_2000_2020/2010/BRA/bra_m_5_2010.tif
2010,m,10,bra_m_10_2010.tif,https://data.worldpop.org/GIS/AgeSex_structures/Global_2000_2020/2010/BRA/bra_m_10_2010.tif
2010,m,15,bra_m_15_2010.tif,https://data.worldpop.org/GIS/AgeSex_structures/Global_2000_2020/2010/BRA/bra_m_15_2010.tif
2010,m,20,bra_m_20_2010.tif,https://data.worldpop.org/GIS/AgeSex_structures/Global_2000_2020/2010/BRA/bra_m_20_2010.tif
2010,m,25,bra_m_25_2010.tif,https://data.worldpop.org/GIS/AgeSex_structures/Global_2000_2020/2010/BRA/bra_m_25_2010.tif
2010,m,30,bra_m_30_2010.tif,https://data.worldpop.org/GIS/AgeSex_structures/Global_2000_2020/2010/BRA/bra_m_30_2010.tif
2010,m,35,bra_m_35_2010.tif,https://data.worldpop.org/GIS/AgeSex_structures/Global_2000_2020/2010/BRA/bra_m_35_2010.tif
2010,m,40,bra_m_40_2010.tif,https://data.worldpop.org/GIS/AgeSex_structures/Global_2000_2020/2010/BRA/bra_m_40_2010.tif
2010,m,45,bra_m_45_2010.tif,https://data.worldpop.org/GIS/AgeSex_structures/Global_2000_2020/2010/BRA/bra_m_45_2010.tif
2010,m,50,bra_m_50_2010.tif,https://data.worldpop.org/GIS/AgeSex_structures/Global_2000_2020/2010/BRA/bra_m_50_2010.tif
2010,m,55,bra_m_55_2010.tif,https://data.worldpop.org/GIS/AgeSex_structures/Global_2000_2020/2010/BRA/bra_m_55_2010.tif
2010,m,60,bra_m_60_2010.tif,https://data.worldpop.org/GIS/AgeSex_structures/Global_2000_2020/2010/BRA/bra_m_60_2010.tif
2010,m,65,bra_m_65_2010.tif,https://data.worldpop.org/GIS/AgeSex_structures/Global_2000_2020/2010/BRA/bra_m_65_2010.tif
2010,m,70,bra_m_70_2010.tif,https://data.worldpop.org/GIS/AgeSex_structures/Global_2000_2020/2010/BRA/bra_m_70_2010.tif
2010,m,75,bra_m_75_2010.tif,https://data.worldpop.org/GIS/AgeSex_structures/Global_2000_2020/2010/BRA/bra_m_75_2010.tif
2010,m,80,bra_m_80_2010.tif,https://data.worldpop.org/GIS/AgeSex_structures/Global_2000_2020/2010/BRA/bra_m_80_2010.tif
2011,f,0,bra_f_0_2011.tif,https://data.worldpop.org/GIS/AgeSex_structures/Global_2000_2020/2011/BRA/bra_f_0_2011.tif
2011,f,1,bra_f_1_2011.tif,https://data.worldpop.org/GIS/AgeSex_structures/Global_2000_2020/2011/BRA/bra_f_1_2011.tif
2011,f,5,bra_f_5_2011.tif,https://data.worldpop.org/GIS/AgeSex_structures/Global_2000_2020/2011/BRA/bra_f_5_2011.tif
2011,f,10,bra_f_10_2011.tif,https://data.worldpop.org/GIS/AgeSex_structures/Global_2000_2020/2011/BRA/bra_f_10_2011.tif
2011,f,15,bra_f_15_2011.tif,https://data.worldpop.org/GIS/AgeSex_structures/Global_2000_2020/2011/BRA/bra_f_15_2011.tif
2011,f,20,bra_f_20_2011.tif,https://data.worldpop.org/GIS/AgeSex_structures/Global_2000_2020/2011/BRA/bra_f_20_2011.tif
2011,f,25,bra_f_25_2011.tif,https://data.worldpop.org/GIS/AgeSex_structures/Global_2000_2020/2011/BRA/bra_f_25_2011.tif
2011,f,30,bra_f_30_2011.tif,https://data.worldpop.org/GIS/AgeSex_structures/Global_2000_2020/2011/BRA/bra_f_30_2011.tif
2011,f,35,bra_f_35_2011.tif,https://data.worldpop.org/GIS/AgeSex_structures/Global_2000_2020/2011/BRA/bra_f_35_2011.tif
2011,f,40,bra_f_40_2011.tif,https://data.worldpop.org/GIS/AgeSex_structures/Global_2000_2020/2011/BRA/bra_f_40_2011.tif
2011,f,45,bra_f_45_2011.tif,https://data.worldpop.org/GIS/AgeSex_structures/Global_2000_2020/2011/BRA/bra_f_45_2011.tif
2011,f,50,bra_f_50_2011.tif,https://data.worldpop.org/GIS/AgeSex_structures/Global_2000_2020/2011/BRA/bra_f_50_2011.tif
2011,f,55,bra_f_55_2011.tif,https://data.worldpop.org/GIS/AgeSex_structures/Global_2000_2020/2011/BRA/bra_f_55_2011.tif
2011,f,60,bra_f_60_2011.tif,https://data.worldpop.org/GIS/AgeSex_structures/Global_2000_2020/2011/BRA/bra_f_60_2011.tif
2011,f,65,bra_f_65_2011.tif,https://data.worldpop.org/GIS/AgeSex_structures/Global_2000_2020/2011/BRA/bra_f_65_2011.tif
2011,f,70,bra_f_70_2011.tif,https://data.worldpop.org/GIS/AgeSex_structures/Global_2000_2020/2011/BRA/bra_f_70_2011.tif
2011,f,75,bra_f_75_2011.tif,https://data.worldpop.org/GIS/AgeSex_structures/Global_2000_2020/2011/BRA/bra_f_75_2011.tif
2011,f,80,bra_f_80_2011.tif,https://data.worldpop.org/GIS/AgeSex_structures/Global_2000_2020/2011/BRA/bra_f_80_2011.tif
2011,m,0,bra_m_0_2011.tif,https://data.worldpop.org/GIS/AgeSex_structures/Global_2000_2020/2011/BRA/bra_m_0_2011.tif
2011,m,1,bra_m_1_2011.tif,https://data.worldpop.org/GIS/AgeSex_structures/Global_2000_2020/2011/BRA/bra_m_1_2011.tif
2011,m,5,bra_m_5_2011.tif,https://data.worldpop.org/GIS/AgeSex_structures/Global_2000_2020/2011/BRA/bra_m_5_2011.tif
2011,m,10,bra_m_10_2011.tif,https://data.worldpop.org/GIS/AgeSex_structures/Global_2000_2020/2011/BRA/bra_m_10_2011.tif
2011,m,15,bra_m_15_2011.tif,https://data.worldpop.org/GIS/AgeSex_structures/Global_2000_2020/2011/BRA/bra_m_15_2011.tif
2011,m,20,bra_m_20_2011.tif,https://data.worldpop.org/GIS/AgeSex_structures/Global_2000_2020/2011/BRA/bra_m_20_2011.tif
2011,m,25,bra_m_25_2011.tif,https://data.worldpop.org/GIS/AgeSex_structures/Global_2000_2020/2011/BRA/bra_m_25_2011.tif
2011,m,30,bra_m_30_2011.tif,https://data.worldpop.org/GIS/AgeSex_structures/Global_2000_2020/2011/BRA/bra_m_30_2011.tif
2011,m,35,bra_m_35_2011.tif,https://data.worldpop.org/GIS/AgeSex_structures/Global_2000_2020/2011/BRA/bra_m_35_2011.tif
2011,m,40,bra_m_40_2011.tif,https://data.worldpop.org/GIS/AgeSex_structures/Global_2000_2020/2011/BRA/bra_m_40_2011.tif
2011,m,45,bra_m_45_2011.tif,https://data.worldpop.org/GIS/AgeSex_structures/Global_2000_2020/2011/BRA/bra_m_45_2011.tif
2011,m,50,bra_m_50_2011.tif,https://data.worldpop.org/GIS/AgeSex_structures/Global_2000_2020/2011/BRA/bra_m_50_2011.tif
2011,m,55,bra_m_55_2011.tif,https://data.worldpop.org/GIS/AgeSex_structures/Global_2000_2020/2011/BRA/bra_m_55_2011.tif
2011,m,60,bra_m_60_2011.tif,https://data.worldpop.org/GIS/AgeSex_structures/Global_2000_2020/2011/BRA/bra_m_60_2011.tif
2011,m,65,bra_m_65_2011.tif,https://data.worldpop.org/GIS/AgeSex_structures/Global_2000_2020/2011/BRA/bra_m_65_2011.tif
2011,m,70,bra_m_70_2011.tif,https://data.worldpop.org/GIS/AgeSex_structures/Global_2000_2020/2011/BRA/bra_m_70_2011.tif
2011,m,75,bra_m_75_2011.tif,https://data.worldpop.org/GIS/AgeSex_structures/Global_2000_2020/2011/BRA/bra_m_75_2011.tif
2011,m,80,bra_m_80_2011.tif,https://data.worldpop.org/GIS/AgeSex_structures/Global_2000_2020/2011/BRA/bra_m_80_2011.tif
2012,f,0,bra_f_0_2012.tif,https://data.worldpop.org/GIS/AgeSex_structures/Global_2000_2020/2012/BRA/bra_f_0_2012.tif
2012,f,1,bra_f_1_2012.tif,https://data.worldpop.org/GIS/AgeSex_structures/Global_2000_2020/2012/BRA/bra_f_1_2012.tif
2012,f,5,bra_f_5_2012.tif,https://data.worldpop.org/GIS/AgeSex_structures/Global_2000_2020/2012/BRA/bra_f_5_2012.tif
2012,f,10,bra_f_10_2012.tif,https://data.worldpop.org/GIS/AgeSex_structures/Global_2000_2020/2012/BRA/bra_f_10_2012.tif
2012,f,15,bra_f_15_2012.tif,https://data.worldpop.org/GIS/AgeSex_structures/Global_2000_2020/2012/BRA/bra_f_15_2012.tif
2012,f,20,bra_f_20_2012.tif,https://data.worldpop.org/GIS/AgeSex_structures/Global_2000_2020/2012/BRA/bra_f_20_2012.tif
2012,f,25,bra_f_25_2012.tif,https://data.worldpop.org/GIS/AgeSex_structures/Global_2000_2020/2012/BRA/bra_f_25_2012.tif
2012,f,30,bra_f_30_2012.tif,https://data.worldpop.org/GIS/AgeSex_structures/Global_2000_2020/2012/BRA/bra_f_30_2012.tif
2012,f,35,bra_f_35_2012.tif,https://data.worldpop.org/GIS/AgeSex_structures/Global_2000_2020/2012/BRA/bra_f_35_2012.tif
2012,f,40,bra_f_40_2012.tif,https://data.worldpop.org/GIS/AgeSex_structures/Global_2000_2020/2012/BRA/bra_f_40_2012.tif
2012,f,45,bra_f_45_2012.tif,https://data.worldpop.org/GIS/AgeSex_structures/Global_2000_2020/2012/BRA/bra_f_45_2012.tif
2012,f,50,bra_f_50_2012.tif,https://data.worldpop.org/GIS/AgeSex_structures/Global_2000_2020/2012/BRA/bra_f_50_2012.tif
2012,f,55,bra_f_55_2012.tif,https://data.worldpop.org/GIS/AgeSex_structures/Global_2000_2020/2012/BRA/bra_f_55_2012.tif
2012,f,60,bra_f_60_2012.tif,https://data.worldpop.org/GIS/AgeSex_structures/Global_2000_2020/2012/BRA/bra_f_60_2012.tif
2012,f,65,bra_f_65_2012.tif,https://data.worldpop.org/GIS/AgeSex_structures/Global_2000_2020/2012/BRA/bra_f_65_2012.tif
2012,f,70,bra_f_70_2012.tif,https://data.worldpop.org/GIS/AgeSex_structures/Global_2000_2020/2012/BRA/bra_f_70_2012.tif
2012,f,75,bra_f_75_2012.tif,https://data.worldpop.org/GIS/AgeSex_structures/Global_2000_2020/2012/BRA/bra_f_75_2012.tif
2012,f,80,bra_f_80_2012.tif,https://data.worldpop.org/GIS/AgeSex_structures/Global_2000_2020/2012/BRA/bra_f_80_2012.tif
2012,m,0,bra_m_0_2012.tif,https://data.worldpop.org/GIS/AgeSex_structures/Global_2000_2020/2012/BRA/bra_m_0_2012.tif
2012,m,1,bra_m_1_2012.tif,https://data.worldpop.org/GIS/AgeSex_structures/Global_2000_2020/2012/BRA/bra_m_1_2012.tif
2012,m,5,bra_m_5_2012.tif,https://data.worldpop.org/GIS/AgeSex_structures/Global_2000_2020/2012/BRA/bra_m_5_2012.tif
2012,m,10,bra_m_10_2012.tif,https://data.worldpop.org/GIS/AgeSex_structures/Global_2000_2020/2012/BRA/bra_m_10_2012.tif
2012,m,15,bra_m_15_2012.tif,https://data.worldpop.org/GIS/AgeSex_structures/Global_2000_2020/2012/BRA/bra_m_15_2012.tif
2012,m,20,bra_m_20_2012.tif,https://data.worldpop.org/GIS/AgeSex_structures/Global_2000_2020/2012/BRA/bra_m_20_2012.tif
2012,m,25,bra_m_25_2012.tif,https://data.worldpop.org/GIS/AgeSex_structures/Global_2000_2020/2012/BRA/bra_m_25_2012.tif
2012,m,30,bra_m_30_2012.tif,https://data.worldpop.org/GIS/AgeSex_structures/Global_2000_2020/2012/BRA/bra_m_30_2012.tif
2012,m,35,bra_m_35_2012.tif,https://data.worldpop.org/GIS/AgeSex_structures/Global_2000_2020/2012/BRA/bra_m_35_2012.tif
2012,m,40,bra_m_40_2012.tif,https://data.worldpop.org/GIS/AgeSex_structures/Global_2000_2020/2012/BRA/bra_m_40_2012.tif
2012,m,45,bra_m_45_2012.tif,https://data.worldpop.org/GIS/AgeSex_structures/Global_2000_2020/2012/BRA/bra_m_45_2012.tif
2012,m,50,bra_m_50_2012.tif,https://data.worldpop.org/GIS/AgeSex_structures/Global_2000_2020/2012/BRA/bra_m_50_2012.tif
2012,m,55,bra_m_55_2012.tif,https://data.worldpop.org/GIS/AgeSex_structures/Global_2000_2020/2012/BRA/bra_m_55_2012.tif
2012,m,60,bra_m_60_2012.tif,https://data.worldpop.org/GIS/AgeSex_structures/Global_2000_2020/2012/BRA/bra_m_60_2012.tif
2012,m,65,bra_m_65_2012.tif,https://data.worldpop.org/GIS/AgeSex_structures/Global_2000_2020/2012/BRA/bra_m_65_2012.tif
2012,m,70,bra_m_70_2012.tif,https://data.worldpop.org/GIS/AgeSex_structures/Global_2000_2020/2012/BRA/bra_m_70_2012.tif
2012,m,75,bra_m_75_2012.tif,https://data.worldpop.org/GIS/AgeSex_structures/Global_2000_2020/2012/BRA/bra_m_75_2012.tif
2012,m,80,bra_m_80_2012.tif,https://data.worldpop.org/GIS/AgeSex_structures/Global_2000_2020/2012/BRA/bra_m_80_2012.tif
2013,f,0,bra_f_0_2013.tif,https://data.worldpop.org/GIS/AgeSex_structures/Global_2000_2020/2013/BRA/bra_f_0_2013.tif
2013,f,1,bra_f_1_2013.tif,https://data.worldpop.org/GIS/AgeSex_structures/Global_2000_2020/2013/BRA/bra_f_1_2013.tif
2013,f,5,bra_f_5_2013.tif,https://data.worldpop.org/GIS/AgeSex_structures/Global_2000_2020/2013/BRA/bra_f_5_2013.tif
2013,f,10,bra_f_10_2013.tif,https://data.worldpop.org/GIS/AgeSex_structures/Global_2000_2020/2013/BRA/bra_f_10_2013.tif
2013,f,15,bra_f_15_2013.tif,https://data.worldpop.org/GIS/AgeSex_structures/Global_2000_2020/2013/BRA/bra_f_15_2013.tif
2013,f,20,bra_f_20_2013.tif,https://data.worldpop.org/GIS/AgeSex_structures/Global_2000_2020/2013/BRA/bra_f_20_2013.tif
2013,f,25,bra_f_25_2013.tif,https://data.worldpop.org/GIS/AgeSex_structures/Global_2000_2020/2013/BRA/bra_f_25_2013.tif
2013,f,30,bra_f_30_2013.tif,https://data.worldpop.org/GIS/AgeSex_structures/Global_2000_2020/2013/BRA/bra_f_30_2013.tif
2013,f,35,bra_f_35_2013.tif,https://data.worldpop.org/GIS/AgeSex_structures/Global_2000_2020/2013/BRA/bra_f_35_2013.tif
2013,f,40,bra_f_40_2013.tif,https://data.worldpop.org/GIS/AgeSex_structures/Global_2000_2020/2013/BRA/bra_f_40_2013.tif
2013,f,45,bra_f_45_2013.tif,https://data.worldpop.org/GIS/AgeSex_structures/Global_2000_2020/2013/BRA/bra_f_45_2013.tif
2013,f,50,bra_f_50_2013.tif,https://data.worldpop.org/GIS/AgeSex_structures/Global_2000_2020/2013/BRA/bra_f_50_2013.tif
2013,f,55,bra_f_55_2013.tif,https://data.worldpop.org/GIS/AgeSex_structures/Global_2000_2020/2013/BRA/bra_f_55_2013.tif
2013,f,60,bra_f_60_2013.tif,https://data.worldpop.org/GIS/AgeSex_structures/Global_2000_2020/2013/BRA/bra_f_60_2013.tif
2013,f,65,bra_f_65_2013.tif,https://data.worldpop.org/GIS/AgeSex_structures/Global_2000_2020/2013/BRA/bra_f_65_2013.tif
2013,f,70,bra_f_70_2013.tif,https://data.worldpop.org/GIS/AgeSex_structures/Global_2000_2020/2013/BRA/bra_f_70_2013.tif
2013,f,75,bra_f_75_2013.tif,https://data.worldpop.org/GIS/AgeSex_structures/Global_2000_2020/2013/BRA/bra_f_75_2013.tif
2013,f,80,bra_f_80_2013.tif,https://data.worldpop.org/GIS/AgeSex_structures/Global_2000_2020/2013/BRA/bra_f_80_2013.tif
2013,m,0,bra_m_0_2013.tif,https://data.worldpop.org/GIS/AgeSex_structures/Global_2000_2020/2013/BRA/bra_m_0_2013.tif
2013,m,1,bra_m_1_2013.tif,https://data.worldpop.org/GIS/AgeSex_structures/Global_2000_2020/2013/BRA/bra_m_1_2013.tif
2013,m,5,bra_m_5_2013.tif,https://data.worldpop.org/GIS/AgeSex_structures/Global_2000_2020/2013/BRA/bra_m_5_2013.tif
2013,m,10,bra_m_10_2013.tif,https://data.worldpop.org/GIS/AgeSex_structures/Global_2000_2020/2013/BRA/bra_m_10_2013.tif
2013,m,15,bra_m_15_2013.tif,https://data.worldpop.org/GIS/AgeSex_structures/Global_2000_2020/2013/BRA/bra_m_15_2013.tif
2013,m,20,bra_m_20_2013.tif,https://data.worldpop.org/GIS/AgeSex_structures/Global_2000_2020/2013/BRA/bra_m_20_2013.tif
2013,m,25,bra_m_25_2013.tif,https://data.worldpop.org/GIS/AgeSex_structures/Global_2000_2020/2013/BRA/bra_m_25_2013.tif
2013,m,30,bra_m_30_2013.tif,https://data.worldpop.org/GIS/AgeSex_structures/Global_2000_2020/2013/BRA/bra_m_30_2013.tif
2013,m,35,bra_m_35_2013.tif,https://data.worldpop.org/GIS/AgeSex_structures/Global_2000_2020/2013/BRA/bra_m_35_2013.tif
2013,m,40,bra_m_40_2013.tif,https://data.worldpop.org/GIS/AgeSex_structures/Global_2000_2020/2013/BRA/bra_m_40_2013.tif
2013,m,45,bra_m_45_2013.tif,https://data.worldpop.org/GIS/AgeSex_structures/Global_2000_2020/2013/BRA/bra_m_45_2013.tif
2013,m,50,bra_m_50_2013.tif,https://data.worldpop.org/GIS/AgeSex_structures/Global_2000_2020/2013/BRA/bra_m_50_2013.tif
2013,m,55,bra_m_55_2013.tif,https://data.worldpop.org/GIS/AgeSex_structures/Global_2000_2020/2013/BRA/bra_m_55_2013.tif
2013,m,60,bra_m_60_2013.tif,https://data.worldpop.org/GIS/AgeSex_structures/Global_2000_2020/2013/BRA/bra_m_60_2013.tif
2013,m,65,bra_m_65_2013.tif,https://data.worldpop.org/GIS/AgeSex_structures/Global_2000_2020/2013/BRA/bra_m_65_2013.tif
2013,m,70,bra_m_70_2013.tif,https://data.worldpop.org/GIS/AgeSex_structures/Global_2000_2020/2013/BRA/bra_m_70_2013.tif
2013,m,75,bra_m_75_2013.tif,https://data.worldpop.org/GIS/AgeSex_structures/Global_2000_2020/2013/BRA/bra_m_75_2013.tif
2013,m,80,bra_m_80_2013.tif,https://data.worldpop.org/GIS/AgeSex_structures/Global_2000_2020/2013/BRA/bra_m_80_2013.tif
2014,f,0,bra_f_0_2014.tif,https://data.worldpop.org/GIS/AgeSex_structures/Global_2000_2020/2014/BRA/bra_f_0_2014.tif
2014,f,1,bra_f_1_2014.tif,https://data.worldpop.org/GIS/AgeSex_structures/Global_2000_2020/2014/BRA/bra_f_1_2014.tif
2014,f,5,bra_f_5_2014.tif,https://data.worldpop.org/GIS/AgeSex_structures/Global_2000_2020/2014/BRA/bra_f_5_2014.tif
2014,f,10,bra_f_10_2014.tif,https://data.worldpop.org/GIS/AgeSex_structures/Global_2000_2020/2014/BRA/bra_f_10_2014.tif
2014,f,15,bra_f_15_2014.tif,https://data.worldpop.org/GIS/AgeSex_structures/Global_2000_2020/2014/BRA/bra_f_15_2014.tif
2014,f,20,bra_f_20_2014.tif,https://data.worldpop.org/GIS/AgeSex_structures/Global_2000_2020/2014/BRA/bra_f_20_2014.tif
2014,f,25,bra_f_25_2014.tif,https://data.worldpop.org/GIS/AgeSex_structures/Global_2000_2020/2014/BRA/bra_f_25_2014.tif
2014,f,30,bra_f_30_2014.tif,https://data.worldpop.org/GIS/AgeSex_structures/Global_2000_2020/2014/BRA/bra_f_30_2014.tif
2014,f,35,bra_f_35_2014.tif,https://data.worldpop.org/GIS/AgeSex_structures/Global_2000_2020/2014/BRA/bra_f_35_2014.tif
2014,f,40,bra_f_40_2014.tif,https://data.worldpop.org/GIS/AgeSex_structures/Global_2000_2020/2014/BRA/bra_f_40_2014.tif
2014,f,45,bra_f_45_2014.tif,https://data.worldpop.org/GIS/AgeSex_structures/Global_2000_2020/2014/BRA/bra_f_45_2014.tif
2014,f,50,bra_f_50_2014.tif,https://data.worldpop.org/GIS/AgeSex_structures/Global_2000_2020/2014/BRA/bra_f_50_2014.tif
2014,f,55,bra_f_55_2014.tif,https://data.worldpop.org/GIS/AgeSex_structures/Global_2000_2020/2014/BRA/bra_f_55_2014.tif
2014,f,60,bra_f_60_2014.tif,https://data.worldpop.org/GIS/AgeSex_structures/Global_2000_2020/2014/BRA/bra_f_60_2014.tif
2014,f,65,bra_f_65_2014.tif,https://data.worldpop.org/GIS/AgeSex_structures/Global_2000_2020/2014/BRA/bra_f_65_2014.tif
2014,f,70,bra_f_70_2014.tif,https://data.worldpop.org/GIS/AgeSex_structures/Global_2000_2020/2014/BRA/bra_f_70_2014.tif
2014,f,75,bra_f_75_2014.tif,https://data.worldpop.org/GIS/AgeSex_structures/Global_2000_2020/2014/BRA/bra_f_75_2014.tif
2014,f,80,bra_f_80_2014.tif,https://data.worldpop.org/GIS/AgeSex_structures/Global_2000_2020/2014/BRA/bra_f_80_2014.tif
2014,m,0,bra_m_0_2014.tif,https://data.worldpop.org/GIS/AgeSex_structures/Global_2000_2020/2014/BRA/bra_m_0_2014.tif
2014,m,1,bra_m_1_2014.tif,https://data.worldpop.org/GIS/AgeSex_structures/Global_2000_2020/2014/BRA/bra_m_1_2014.tif
2014,m,5,bra_m_5_2014.tif,https://data.worldpop.org/GIS/AgeSex_structures/Global_2000_2020/2014/BRA/bra_m_5_2014.tif
2014,m,10,bra_m_10_2014.tif,https://data.worldpop.org/GIS/AgeSex_structures/Global_2000_2020/2014/BRA/bra_m_10_2014.tif
2014,m,15,bra_m_15_2014.tif,https://data.worldpop.org/GIS/AgeSex_structures/Global_2000_2020/2014/BRA/bra_m_15_2014.tif
2014,m,20,bra_m_20_2014.tif,https://data.worldpop.org/GIS/AgeSex_structures/Global_2000_2020/2014/BRA/bra_m_20_2014.tif
2014,m,25,bra_m_25_2014.tif,https://data.worldpop.org/GIS/AgeSex_structures/Global_2000_2020/2014/BRA/bra_m_25_2014.tif
2014,m,30,bra_m_30_2014.tif,https://data.worldpop.org/GIS/AgeSex_structures/Global_2000_2020/2014/BRA/bra_m_30_2014.tif
2014,m,35,bra_m_35_2014.tif,https://data.worldpop.org/GIS/AgeSex_structures/Global_2000_2020/2014/BRA/bra_m_35_2014.tif
2014,m,40,bra_m_40_2014.tif,https://data.worldpop.org/GIS/AgeSex_structures/Global_2000_2020/2014/BRA/bra_m_40_2014.tif
2014,m,45,bra_m_45_2014.tif,https://data.worldpop.org/GIS/AgeSex_structures/Global_2000_2020/2014/BRA/bra_m_45_2014.tif
2014,m,50,bra_m_50_2014.tif,https://data.worldpop.org/GIS/AgeSex_structures/Global_2000_2020/2014/BRA/bra_m_50_2014.tif
2014,m,55,bra_m_55_2014.tif,https://data.worldpop.org/GIS/AgeSex_structures/Global_2000_2020/2014/BRA/bra_m_55_2014.tif
2014,m,60,bra_m_60_2014.tif,https://data.worldpop.org/GIS/AgeSex_structures/Global_2000_2020/2014/BRA/bra_m_60_2014.tif
2014,m,65,bra_m_65_2014.tif,https://data.worldpop.org/GIS/AgeSex_structures/Global_2000_2020/2014/BRA/bra_m_65_2014.tif
2014,m,70,bra_m_70_2014.tif,https://data.worldpop.org/GIS/AgeSex_structures/Global_2000_2020/2014/BRA/bra_m_70_2014.tif
2014,m,75,bra_m_75_2014.tif,https://data.worldpop.org/GIS/AgeSex_structures/Global_2000_2020/2014/BRA/bra_m_75_2014.tif
2014,m,80,bra_m_80_2014.tif,https://data.worldpop.org/GIS/AgeSex_structures/Global_2000_2020/2014/BRA/bra_m_80_2014.tif
2015,f,0,bra_f_0_2015.tif,https://data.worldpop.org/GIS/AgeSex_structures/Global_2000_2020/2015/BRA/bra_f_0_2015.tif
2015,f,1,bra_f_1_2015.tif,https://data.worldpop.org/GIS/AgeSex_structures/Global_2000_2020/2015/BRA/bra_f_1_2015.tif
2015,f,5,bra_f_5_2015.tif,https://data.worldpop.org/GIS/AgeSex_structures/Global_2000_2020/2015/BRA/bra_f_5_2015.tif
2015,f,10,bra_f_10_2015.tif,https://data.worldpop.org/GIS/AgeSex_structures/Global_2000_2020/2015/BRA/bra_f_10_2015.tif
2015,f,15,bra_f_15_2015.tif,https://data.worldpop.org/GIS/AgeSex_structures/Global_2000_2020/2015/BRA/bra_f_15_2015.tif
2015,f,20,bra_f_20_2015.tif,https://data.worldpop.org/GIS/AgeSex_structures/Global_2000_2020/2015/BRA/bra_f_20_2015.tif
2015,f,25,bra_f_25_2015.tif,https://data.worldpop.org/GIS/AgeSex_structures/Global_2000_2020/2015/BRA/bra_f_25_2015.tif
2015,f,30,bra_f_30_2015.tif,https://data.worldpop.org/GIS/AgeSex_structures/Global_2000_2020/2015/BRA/bra_f_30_2015.tif
2015,f,35,bra_f_35_2015.tif,https://data.worldpop.org/GIS/AgeSex_structures/Global_2000_2020/2015/BRA/bra_f_35_2015.tif
2015,f,40,bra_f_40_2015.tif,https://data.worldpop.org/GIS/AgeSex_structures/Global_2000_2020/2015/BRA/bra_f_40_2015.tif
2015,f,45,bra_f_45_2015.tif,https://data.worldpop.org/GIS/AgeSex_structures/Global_2000_2020/2015/BRA/bra_f_45_2015.tif
2015,f,50,bra_f_50_2015.tif,https://data.worldpop.org/GIS/AgeSex_structures/Global_2000_2020/2015/BRA/bra_f_50_2015.tif
2015,f,55,bra_f_55_2015.tif,https://data.worldpop.org/GIS/AgeSex_structures/Global_2000_2020/2015/BRA/bra_f_55_2015.tif
2015,f,60,bra_f_60_2015.tif,https://data.worldpop.org/GIS/AgeSex_structures/Global_2000_2020/2015/BRA/bra_f_60_2015.tif
2015,f,65,bra_f_65_2015.tif,https://data.worldpop.org/GIS/AgeSex_structures/Global_2000_2020/2015/BRA/bra_f_65_2015.tif
2015,f,70,bra_f_70_2015.tif,https://data.worldpop.org/GIS/AgeSex_structures/Global_2000_2020/2015/BRA/bra_f_70_2015.tif
2015,f,75,bra_f_75_2015.tif,https://data.worldpop.org/GIS/AgeSex_structures/Global_2000_2020/2015/BRA/bra_f_75_2015.tif
2015,f,80,bra_f_80_2015.tif,https://data.worldpop.org/GIS/AgeSex_structures/Global_2000_2020/2015/BRA/bra_f_80_2015.tif
2015,m,0,bra_m_0_2015.tif,https://data.worldpop.org/GIS/AgeSex_structures/Global_2000_2020/2015/BRA/bra_m_0_2015.tif
2015,m,1,bra_m_1_2015.tif,https://data.worldpop.org/GIS/AgeSex_structures/Global_2000_2020/2015/BRA/bra_m_1_2015.tif
2015,m,5,bra_m_5_2015.tif,https://data.worldpop.org/GIS/AgeSex_structures/Global_2000_2020/2015/BRA/bra_m_5_2015.tif
2015,m,10,bra_m_10_2015.tif,https://data.worldpop.org/GIS/AgeSex_structures/Global_2000_2020/2015/BRA/bra_m_10_2015.tif
2015,m,15,bra_m_15_2015.tif,https://data.worldpop.org/GIS/AgeSex_structures/Global_2000_2020/2015/BRA/bra_m_15_2015.tif
2015,m,20,bra_m_20_2015.tif,https://data.worldpop.org/GIS/AgeSex_structures/Global_2000_2020/2015/BRA/bra_m_20_2015.tif
2015,m,25,bra_m_25_2015.tif,https://data.worldpop.org/GIS/AgeSex_structures/Global_2000_2020/2015/BRA/bra_m_25_2015.tif
2015,m,30,bra_m_30_2015.tif,https://data.worldpop.org/GIS/AgeSex_structures/Global_2000_2020/2015/BRA/bra_m_30_2015.tif
2015,m,35,bra_m_35_2015.tif,https://data.worldpop.org/GIS/AgeSex_structures/Global_2000_2020/2015/BRA/bra_m_35_2015.tif
2015,m,40,bra_m_40_2015.tif,https://data.worldpop.org/GIS/AgeSex_structures/Global_2000_2020/2015/BRA/bra_m_40_2015.tif
2015,m,45,bra_m_45_2015.tif,https://data.worldpop.org/GIS/AgeSex_structures/Global_2000_2020/2015/BRA/bra_m_45_2015.tif
2015,m,50,bra_m_50_2015.tif,https://data.worldpop.org/GIS/AgeSex_structures/Global_2000_2020/2015/BRA/bra_m_50_2015.tif
2015,m,55,bra_m_55_2015.tif,https://data.worldpop.org/GIS/AgeSex_structures/Global_2000_2020/2015/BRA/bra_m_55_2015.tif
2015,m,60,bra_m_60_2015.tif,https://data.worldpop.org/GIS/AgeSex_structures/Global_2000_2020/2015/BRA/bra_m_60_2015.tif
2015,m,65,bra_m_65_2015.tif,https://data.worldpop.org/GIS/AgeSex_structures/Global_2000_2020/2015/BRA/bra_m_65_2015.tif
2015,m,70,bra_m_70_2015.tif,https://data.worldpop.org/GIS/AgeSex_structures/Global_2000_2020/2015/BRA/bra_m_70_2015.tif
2015,m,75,bra_m_75_2015.tif,https://data.worldpop.org/GIS/AgeSex_structures/Global_2000_2020/2015/BRA/bra_m_75_2015.tif
2015,m,80,bra_m_80_2015.tif,https://data.worldpop.org/GIS/AgeSex_structures/Global_2000_2020/2015/BRA/bra_m_80_2015.tif
2016,f,0,bra_f_0_2016.tif,https://data.worldpop.org/GIS/AgeSex_structures/Global_2000_2020/2016/BRA/bra_f_0_2016.tif
2016,f,1,bra_f_1_2016.tif,https://data.worldpop.org/GIS/AgeSex_structures/Global_2000_2020/2016/BRA/bra_f_1_2016.tif
2016,f,5,bra_f_5_2016.tif,https://data.worldpop.org/GIS/AgeSex_structures/Global_2000_2020/2016/BRA/bra_f_5_2016.tif
2016,f,10,bra_f_10_2016.tif,https://data.worldpop.org/GIS/AgeSex_structures/Global_2000_2020/2016/BRA/bra_f_10_2016.tif
2016,f,15,bra_f_15_2016.tif,https://data.worldpop.org/GIS/AgeSex_structures/Global_2000_2020/2016/BRA/bra_f_15_2016.tif
2016,f,20,bra_f_20_2016.tif,https://data.worldpop.org/GIS/AgeSex_structures/Global_2000_2020/2016/BRA/bra_f_20_2016.tif
2016,f,25,bra_f_25_2016.tif,https://data.worldpop.org/GIS/AgeSex_structures/Global_2000_2020/2016/BRA/bra_f_25_2016.tif
2016,f,30,bra_f_30_2016.tif,https://data.worldpop.org/GIS/AgeSex_structures/Global_2000_2020/2016/BRA/bra_f_30_2016.tif
2016,f,35,bra_f_35_2016.tif,https://data.worldpop.org/GIS/AgeSex_structures/Global_2000_2020/2016/BRA/bra_f_35_2016.tif
2016,f,40,bra_f_40_2016.tif,https://data.worldpop.org/GIS/AgeSex_structures/Global_2000_2020/2016/BRA/bra_f_40_2016.tif
2016,f,45,bra_f_45_2016.tif,https://data.worldpop.org/GIS/AgeSex_structures/Global_2000_2020/2016/BRA/bra_f_45_2016.tif
2016,f,50,bra_f_50_2016.tif,https://data.worldpop.org/GIS/AgeSex_structures/Global_2000_2020/2016/BRA/bra_f_50_2016.tif
2016,f,55,bra_f_55_2016.tif,https://data.worldpop.org/GIS/AgeSex_structures/Global_2000_2020/2016/BRA/bra_f_55_2016.tif
2016,f,60,bra_f_60_2016.tif,https://data.worldpop.org/GIS/AgeSex_structures/Global_2000_2020/2016/BRA/bra_f_60_2016.tif
2016,f,65,bra_f_65_2016.tif,https://data.worldpop.org/GIS/AgeSex_structures/Global_2000_2020/2016/BRA/bra_f_65_2016.tif
2016,f,70,bra_f_70_2016.tif,https://data.worldpop.org/GIS/AgeSex_structures/Global_2000_2020/2016/BRA/bra_f_70_2016.tif
2016,f,75,bra_f_75_2016.tif,https://data.worldpop.org/GIS/AgeSex_structures/Global_2000_2020/2016/BRA/bra_f_75_2016.tif
2016,f,80,bra_f_80_2016.tif,https://data.worldpop.org/GIS/AgeSex_structures/Global_2000_2020/2016/BRA/bra_f_80_2016.tif
2016,m,0,bra_m_0_2016.tif,https://data.worldpop.org/GIS/AgeSex_structures/Global_2000_2020/2016/BRA/bra_m_0_2016.tif
2016,m,1,bra_m_1_2016.tif,https://data.worldpop.org/GIS/AgeSex_structures/Global_2000_2020/2016/BRA/bra_m_1_2016.tif
2016,m,5,bra_m_5_2016.tif,https://data.worldpop.org/GIS/AgeSex_structures/Global_2000_2020/2016/BRA/bra_m_5_2016.tif
2016,m,10,bra_m_10_2016.tif,https://data.worldpop.org/GIS/AgeSex_structures/Global_2000_2020/2016/BRA/bra_m_10_2016.tif
2016,m,15,bra_m_15_2016.tif,https://data.worldpop.org/GIS/AgeSex_structures/Global_2000_2020/2016/BRA/bra_m_15_2016.tif
2016,m,20,bra_m_20_2016.tif,https://data.worldpop.org/GIS/AgeSex_structures/Global_2000_2020/2016/BRA/bra_m_20_2016.tif
2016,m,25,bra_m_25_2016.tif,https://data.worldpop.org/GIS/AgeSex_structures/Global_2000_2020/2016/BRA/bra_m_25_2016.tif
2016,m,30,bra_m_30_2016.tif,https://data.worldpop.org/GIS/AgeSex_structures/Global_2000_2020/2016/BRA/bra_m_30_2016.tif
2016,m,35,bra_m_35_2016.tif,https://data.worldpop.org/GIS/AgeSex_structures/Global_2000_2020/2016/BRA/bra_m_35_2016.tif
2016,m,40,bra_m_40_2016.tif,https://data.worldpop.org/GIS/AgeSex_structures/Global_2000_2020/2016/BRA/bra_m_40_2016.tif
2016,m,45,bra_m_45_2016.tif,https://data.worldpop.org/GIS/AgeSex_structures/Global_2000_2020/2016/BRA/bra_m_45_2016.tif
2016,m,50,bra_m_50_2016.tif,https://data.worldpop.org/GIS/AgeSex_structures/Global_2000_2020/2016/BRA/bra_m_50_2016.tif
2016,m,55,bra_m_55_2016.tif,https://data.worldpop.org/GIS/AgeSex_structures/Global_2000_2020/2016/BRA/bra_m_55_2016.tif
2016,m,60,bra_m_60_2016.tif,https://data.worldpop.org/GIS/AgeSex_structures/Global_2000_2020/2016/BRA/bra_m_60_2016.tif
2016,m,65,bra_m_65_2016.tif,https://data.worldpop.org/GIS/AgeSex_structures/Global_2000_2020/2016/BRA/bra_m_65_2016.tif
2016,m,70,bra_m_70_2016.tif,https://data.worldpop.org/GIS/AgeSex_structures/Global_2000_2020/2016/BRA/bra_m_70_2016.tif
2016,m,75,bra_m_75_2016.tif,https://data.worldpop.org/GIS/AgeSex_structures/Global_2000_2020/2016/BRA/bra_m_75_2016.tif
2016,m,80,bra_m_80_2016.tif,https://data.worldpop.org/GIS/AgeSex_structures/Global_2000_2020/2016/BRA/bra_m_80_2016.tif
2017,f,0,bra_f_0_2017.tif,https://data.worldpop.org/GIS/AgeSex_structures/Global_2000_2020/2017/BRA/bra_f_0_2017.tif
2017,f,1,bra_f_1_2017.tif,https://data.worldpop.org/GIS/AgeSex_structures/Global_2000_2020/2017/BRA/bra_f_1_2017.tif
2017,f,5,bra_f_5_2017.tif,https://data.worldpop.org/GIS/AgeSex_structures/Global_2000_2020/2017/BRA/bra_f_5_2017.tif
2017,f,10,bra_f_10_2017.tif,https://data.worldpop.org/GIS/AgeSex_structures/Global_2000_2020/2017/BRA/bra_f_10_2017.tif
2017,f,15,bra_f_15_2017.tif,https://data.worldpop.org/GIS/AgeSex_structures/Global_2000_2020/2017/BRA/bra_f_15_2017.tif
2017,f,20,bra_f_20_2017.tif,https://data.worldpop.org/GIS/AgeSex_structures/Global_2000_2020/2017/BRA/bra_f_20_2017.tif
2017,f,25,bra_f_25_2017.tif,https://data.worldpop.org/GIS/AgeSex_structures/Global_2000_2020/2017/BRA/bra_f_25_2017.tif
2017,f,30,bra_f_30_2017.tif,https://data.worldpop.org/GIS/AgeSex_structures/Global_2000_2020/2017/BRA/bra_f_30_2017.tif
2017,f,35,bra_f_35_2017.tif,https://data.worldpop.org/GIS/AgeSex_structures/Global_2000_2020/2017/BRA/bra_f_35_2017.tif
2017,f,40,bra_f_40_2017.tif,https://data.worldpop.org/GIS/AgeSex_structures/Global_2000_2020/2017/BRA/bra_f_40_2017.tif
2017,f,45,bra_f_45_2017.tif,https://data.worldpop.org/GIS/AgeSex_structures/Global_2000_2020/2017/BRA/bra_f_45_2017.tif
2017,f,50,bra_f_50_2017.tif,https://data.worldpop.org/GIS/AgeSex_structures/Global_2000_2020/2017/BRA/bra_f_50_2017.tif
2017,f,55,bra_f_55_2017.tif,https://data.worldpop.org/GIS/AgeSex_structures/Global_2000_2020/2017/BRA/bra_f_55_2017.tif
2017,f,60,bra_f_60_2017.tif,https://data.worldpop.org/GIS/AgeSex_structures/Global_2000_2020/2017/BRA/bra_f_60_2017.tif
2017,f,65,bra_f_65_2017.tif,https://data.worldpop.org/GIS/AgeSex_structures/Global_2000_2020/2017/BRA/bra_f_65_2017.tif
2017,f,70,bra_f_70_2017.tif,https://data.worldpop.org/GIS/AgeSex_structures/Global_2000_2020/2017/BRA/bra_f_70_2017.tif
2017,f,75,bra_f_75_2017.tif,https://data.worldpop.org/GIS/AgeSex_structures/Global_2000_2020/2017/BRA/bra_f_75_2017.tif
2017,f,80,bra_f_80_2017.tif,https://data.worldpop.org/GIS/AgeSex_structures/Global_2000_2020/2017/BRA/bra_f_80_2017.tif
2017,m,0,bra_m_0_2017.tif,https://data.worldpop.org/GIS/AgeSex_structures/Global_2000_2020/2017/BRA/bra_m_0_2017.tif
2017,m,1,bra_m_1_2017.tif,https://data.worldpop.org/GIS/AgeSex_structures/Global_2000_2020/2017/BRA/bra_m_1_2017.tif
2017,m,5,bra_m_5_2017.tif,https://data.worldpop.org/GIS/AgeSex_structures/Global_2000_2020/2017/BRA/bra_m_5_2017.tif
2017,m,10,bra_m_10_2017.tif,https://data.worldpop.org/GIS/AgeSex_structures/Global_2000_2020/2017/BRA/bra_m_10_2017.tif
2017,m,15,bra_m_15_2017.tif,https://data.worldpop.org/GIS/AgeSex_structures/Global_2000_2020/2017/BRA/bra_m_15_2017.tif
2017,m,20,bra_m_20_2017.tif,https://data.worldpop.org/GIS/AgeSex_structures/Global_2000_2020/2017/BRA/bra_m_20_2017.tif
2017,m,25,bra_m_25_2017.tif,https://data.worldpop.org/GIS/AgeSex_structures/Global_2000_2020/2017/BRA/bra_m_25_2017.tif
2017,m,30,bra_m_30_2017.tif,https://data.worldpop.org/GIS/AgeSex_structures/Global_2000_2020/2017/BRA/bra_m_30_2017.tif
2017,m,35,bra_m_35_2017.tif,https://data.worldpop.org/GIS/AgeSex_structures/Global_2000_2020/2017/BRA/bra_m_35_2017.tif
2017,m,40,bra_m_40_2017.tif,https://data.worldpop.org/GIS/AgeSex_structures/Global_2000_2020/2017/BRA/bra_m_40_2017.tif
2017,m,45,bra_m_45_2017.tif,https://data.worldpop.org/GIS/AgeSex_structures/Global_2000_2020/2017/BRA/bra_m_45_2017.tif
2017,m,50,bra_m_50_2017.tif,https://data.worldpop.org/GIS/AgeSex_structures/Global_2000_2020/2017/BRA/bra_m_50_2017.tif
2017,m,55,bra_m_55_2017.tif,https://data.worldpop.org/GIS/AgeSex_structures/Global_2000_2020/2017/BRA/bra_m_55_2017.tif
2017,m,60,bra_m_60_2017.tif,https://data.worldpop.org/GIS/AgeSex_structures/Global_2000_2020/2017/BRA/bra_m_60_2017.tif
2017,m,65,bra_m_65_2017.tif,https://data.worldpop.org/GIS/AgeSex_structures/Global_2000_2020/2017/BRA/bra_m_65_2017.tif
2017,m,70,bra_m_70_2017.tif,https://data.worldpop.org/GIS/AgeSex_structures/Global_2000_2020/2017/BRA/bra_m_70_2017.tif
2017,m,75,bra_m_75_2017.tif,https://data.worldpop.org/GIS/AgeSex_structures/Global_2000_2020/2017/BRA/bra_m_75_2017.tif
2017,m,80,bra_m_80_2017.tif,https://data.worldpop.org/GIS/AgeSex_structures/Global_2000_2020/2017/BRA/bra_m_80_2017.tif
2018,f,0,bra_f_0_2018.tif,https://data.worldpop.org/GIS/AgeSex_structures/Global_2000_2020/2018/BRA/bra_f_0_2018.tif
2018,f,1,bra_f_1_2018.tif,https://data.worldpop.org/GIS/AgeSex_structures/Global_2000_2020/2018/BRA/bra_f_1_2018.tif
2018,f,5,bra_f_5_2018.tif,https://data.worldpop.org/GIS/AgeSex_structures/Global_2000_2020/2018/BRA/bra_f_5_2018.tif
2018,f,10,bra_f_10_2018.tif,https://data.worldpop.org/GIS/AgeSex_structures/Global_2000_2020/2018/BRA/bra_f_10_2018.tif
2018,f,15,bra_f_15_2018.tif,https://data.worldpop.org/GIS/AgeSex_structures/Global_2000_2020/2018/BRA/bra_f_15_2018.tif
2018,f,20,bra_f_20_2018.tif,https://data.worldpop.org/GIS/AgeSex_structures/Global_2000_2020/2018/BRA/bra_f_20_2018.tif
2018,f,25,bra_f_25_2018.tif,https://data.worldpop.org/GIS/AgeSex_structures/Global_2000_2020/2018/BRA/bra_f_25_2018.tif
2018,f,30,bra_f_30_2018.tif,https://data.worldpop.org/GIS/AgeSex_structures/Global_2000_2020/2018/BRA/bra_f_30_2018.tif
2018,f,35,bra_f_35_2018.tif,https://data.worldpop.org/GIS/AgeSex_structures/Global_2000_2020/2018/BRA/bra_f_35_2018.tif
2018,f,40,bra_f_40_2018.tif,https://data.worldpop.org/GIS/AgeSex_structures/Global_2000_2020/2018/BRA/bra_f_40_2018.tif
2018,f,45,bra_f_45_2018.tif,https://data.worldpop.org/GIS/AgeSex_structures/Global_2000_2020/2018/BRA/bra_f_45_2018.tif
2018,f,50,bra_f_50_2018.tif,https://data.worldpop.org/GIS/AgeSex_structures/Global_2000_2020/2018/BRA/bra_f_50_2018.tif
2018,f,55,bra_f_55_2018.tif,https://data.worldpop.org/GIS/AgeSex_structures/Global_2000_2020/2018/BRA/bra_f_55_2018.tif
2018,f,60,bra_f_60_2018.tif,https://data.worldpop.org/GIS/AgeSex_structures/Global_2000_2020/2018/BRA/bra_f_60_2018.tif
2018,f,65,bra_f_65_2018.tif,https://data.worldpop.org/GIS/AgeSex_structures/Global_2000_2020/2018/BRA/bra_f_65_2018.tif
2018,f,70,bra_f_70_2018.tif,https://data.worldpop.org/GIS/AgeSex_structures/Global_2000_2020/2018/BRA/bra_f_70_2018.tif
2018,f,75,bra_f_75_2018.tif,https://data.worldpop.org/GIS/AgeSex_structures/Global_2000_2020/2018/BRA/bra_f_75_2018.tif
2018,f,80,bra_f_80_2018.tif,https://data.worldpop.org/GIS/AgeSex_structures/Global_2000_2020/2018/BRA/bra_f_80_2018.tif
2018,m,0,bra_m_0_2018.tif,https://data.worldpop.org/GIS/AgeSex_structures/Global_2000_2020/2018/BRA/bra_m_0_2018.tif
2018,m,1,bra_m_1_2018.tif,https://data.worldpop.org/GIS/AgeSex_structures/Global_2000_2020/2018/BRA/bra_m_1_2018.tif
2018,m,5,bra_m_5_2018.tif,https://data.worldpop.org/GIS/AgeSex_structures/Global_2000_2020/2018/BRA/bra_m_5_2018.tif
2018,m,10,bra_m_10_2018.tif,https://data.worldpop.org/GIS/AgeSex_structures/Global_2000_2020/2018/BRA/bra_m_10_2018.tif
2018,m,15,bra_m_15_2018.tif,https://data.worldpop.org/GIS/AgeSex_structures/Global_2000_2020/2018/BRA/bra_m_15_2018.tif
2018,m,20,bra_m_20_2018.tif,https://data.worldpop.org/GIS/AgeSex_structures/Global_2000_2020/2018/BRA/bra_m_20_2018.tif
2018,m,25,bra_m_25_2018.tif,https://data.worldpop.org/GIS/AgeSex_structures/Global_2000_2020/2018/BRA/bra_m_25_2018.tif
2018,m,30,bra_m_30_2018.tif,https://data.worldpop.org/GIS/AgeSex_structures/Global_2000_2020/2018/BRA/bra_m_30_2018.tif
2018,m,35,bra_m_35_2018.tif,https://data.worldpop.org/GIS/AgeSex_structures/Global_2000_2020/2018/BRA/bra_m_35_2018.tif
2018,m,40,bra_m_40_2018.tif,https://data.worldpop.org/GIS/AgeSex_structures/Global_2000_2020/2018/BRA/bra_m_40_2018.tif
2018,m,45,bra_m_45_2018.tif,https://data.worldpop.org/GIS/AgeSex_structures/Global_2000_2020/2018/BRA/bra_m_45_2018.tif
2018,m,50,bra_m_50_2018.tif,https://data.worldpop.org/GIS/AgeSex_structures/Global_2000_2020/2018/BRA/bra_m_50_2018.tif
2018,m,55,bra_m_55_2018.tif,https://data.worldpop.org/GIS/AgeSex_structures/Global_2000_2020/2018/BRA/bra_m_55_2018.tif
2018,m,60,bra_m_60_2018.tif,https://data.worldpop.org/GIS/AgeSex_structures/Global_2000_2020/2018/BRA/bra_m_60_2018.tif
2018,m,65,bra_m_65_2018.tif,https://data.worldpop.org/GIS/AgeSex_structures/Global_2000_2020/2018/BRA/bra_m_65_2018.tif
2018,m,70,bra_m_70_2018.tif,https://data.worldpop.org/GIS/AgeSex_structures/Global_2000_2020/2018/BRA/bra_m_70_2018.tif
2018,m,75,bra_m_75_2018.tif,https://data.worldpop.org/GIS/AgeSex_structures/Global_2000_2020/2018/BRA/bra_m_75_2018.tif
2018,m,80,bra_m_80_2018.tif,https://data.worldpop.org/GIS/AgeSex_structures/Global_2000_2020/2018/BRA/bra_m_80_2018.tif
2019,f,0,bra_f_0_2019.tif,https://data.worldpop.org/GIS/AgeSex_structures/Global_2000_2020/2019/BRA/bra_f_0_2019.tif
2019,f,1,bra_f_1_2019.tif,https://data.worldpop.org/GIS/AgeSex_structures/Global_2000_2020/2019/BRA/bra_f_1_2019.tif
2019,f,5,bra_f_5_2019.tif,https://data.worldpop.org/GIS/AgeSex_structures/Global_2000_2020/2019/BRA/bra_f_5_2019.tif
2019,f,10,bra_f_10_2019.tif,https://data.worldpop.org/GIS/AgeSex_structures/Global_2000_2020/2019/BRA/bra_f_10_2019.tif
2019,f,15,bra_f_15_2019.tif,https://data.worldpop.org/GIS/AgeSex_structures/Global_2000_2020/2019/BRA/bra_f_15_2019.tif
2019,f,20,bra_f_20_2019.tif,https://data.worldpop.org/GIS/AgeSex_structures/Global_2000_2020/2019/BRA/bra_f_20_2019.tif
2019,f,25,bra_f_25_2019.tif,https://data.worldpop.org/GIS/AgeSex_structures/Global_2000_2020/2019/BRA/bra_f_25_2019.tif
2019,f,30,bra_f_30_2019.tif,https://data.worldpop.org/GIS/AgeSex_structures/Global_2000_2020/2019/BRA/bra_f_30_2019.tif
2019,f,35,bra_f_35_2019.tif,https://data.worldpop.org/GIS/AgeSex_structures/Global_2000_2020/2019/BRA/bra_f_35_2019.tif
2019,f,40,bra_f_40_2019.tif,https://data.worldpop.org/GIS/AgeSex_structures/Global_2000_2020/2019/BRA/bra_f_40_2019.tif
2019,f,45,bra_f_45_2019.tif,https://data.worldpop.org/GIS/AgeSex_structures/Global_2000_2020/2019/BRA/bra_f_45_2019.tif
2019,f,50,bra_f_50_2019.tif,https://data.worldpop.org/GIS/AgeSex_structures/Global_2000_2020/2019/BRA/bra_f_50_2019.tif
2019,f,55,bra_f_55_2019.tif,https://data.worldpop.org/GIS/AgeSex_structures/Global_2000_2020/2019/BRA/bra_f_55_2019.tif
2019,f,60,bra_f_60_2019.tif,https://data.worldpop.org/GIS/AgeSex_structures/Global_2000_2020/2019/BRA/bra_f_60_2019.tif
2019,f,65,bra_f_65_2019.tif,https://data.worldpop.org/GIS/AgeSex_structures/Global_2000_2020/2019/BRA/bra_f_65_2019.tif
2019,f,70,bra_f_70_2019.tif,https://data.worldpop.org/GIS/AgeSex_structures/Global_2000_2020/2019/BRA/bra_f_70_2019.tif
2019,f,75,bra_f_75_2019.tif,https://data.worldpop.org/GIS/AgeSex_structures/Global_2000_2020/2019/BRA/bra_f_75_2019.tif
2019,f,80,bra_f_80_2019.tif,https://data.worldpop.org/GIS/AgeSex_structures/Global_2000_2020/2019/BRA/bra_f_80_2019.tif
2019,m,0,bra_m_0_2019.tif,https://data.worldpop.org/GIS/AgeSex_structures/Global_2000_2020/2019/BRA/bra_m_0_2019.tif
2019,m,1,bra_m_1_2019.tif,https://data.worldpop.org/GIS/AgeSex_structures/Global_2000_2020/2019/BRA/bra_m_1_2019.tif
2019,m,5,bra_m_5_2019.tif,https://data.worldpop.org/GIS/AgeSex_structures/Global_2000_2020/2019/BRA/bra_m_5_2019.tif
2019,m,10,bra_m_10_2019.tif,https://data.worldpop.org/GIS/AgeSex_structures/Global_2000_2020/2019/BRA/bra_m_10_2019.tif
2019,m,15,bra_m_15_2019.tif,https://data.worldpop.org/GIS/AgeSex_structures/Global_2000_2020/2019/BRA/bra_m_15_2019.tif
2019,m,20,bra_m_20_2019.tif,https://data.worldpop.org/GIS/AgeSex_structures/Global_2000_2020/2019/BRA/bra_m_20_2019.tif
2019,m,25,bra_m_25_2019.tif,https://data.worldpop.org/GIS/AgeSex_structures/Global_2000_2020/2019/BRA/bra_m_25_2019.tif
2019,m,30,bra_m_30_2019.tif,https://data.worldpop.org/GIS/AgeSex_structures/Global_2000_2020/2019/BRA/bra_m_30_2019.tif
2019,m,35,bra_m_35_2019.tif,https://data.worldpop.org/GIS/AgeSex_structures/Global_2000_2020/2019/BRA/bra_m_35_2019.tif
2019,m,40,bra_m_40_2019.tif,https://data.worldpop.org/GIS/AgeSex_structures/Global_2000_2020/2019/BRA/bra_m_40_2019.tif
2019,m,45,bra_m_45_2019.tif,https://data.worldpop.org/GIS/AgeSex_structures/Global_2000_2020/2019/BRA/bra_m_45_2019.tif
2019,m,50,bra_m_50_2019.tif,https://data.worldpop.org/GIS/AgeSex_structures/Global_2000_2020/2019/BRA/bra_m_50_2019.tif
2019,m,55,bra_m_55_2019.tif,https://data.worldpop.org/GIS/AgeSex_structures/Global_2000_2020/2019/BRA/bra_m_55_2019.tif
2019,m,60,bra_m_60_2019.tif,https://data.worldpop.org/GIS/AgeSex_structures/Global_2000_2020/2019/BRA/bra_m_60_2019.tif
2019,m,65,bra_m_65_2019.tif,https://data.worldpop.org/GIS/AgeSex_structures/Global_2000_2020/2019/BRA/bra_m_65_2019.tif
2019,m,70,bra_m_70_2019.tif,https://data.worldpop.org/GIS/AgeSex_structures/Global_2000_2020/2019/BRA/bra_m_70_2019.tif
2019,m,75,bra_m_75_2019.tif,https://data.worldpop.org/GIS/AgeSex_structures/Global_2000_2020/2019/BRA/bra_m_75_2019.tif
2019,m,80,bra_m_80_2019.tif,https://data.worldpop.org/GIS/AgeSex_structures/Global_2000_2020/2019/BRA/bra_m_80_2019.tif
2020,f,0,bra_f_0_2020.tif,https://data.worldpop.org/GIS/AgeSex_structures/Global_2000_2020/2020/BRA/bra_f_0_2020.tif
2020,f,1,bra_f_1_2020.tif,https://data.worldpop.org/GIS/AgeSex_structures/Global_2000_2020/2020/BRA/bra_f_1_2020.tif
2020,f,5,bra_f_5_2020.tif,https://data.worldpop.org/GIS/AgeSex_structures/Global_2000_2020/2020/BRA/bra_f_5_2020.tif
2020,f,10,bra_f_10_2020.tif,https://data.worldpop.org/GIS/AgeSex_structures/Global_2000_2020/2020/BRA/bra_f_10_2020.tif
2020,f,15,bra_f_15_2020.tif,https://data.worldpop.org/GIS/AgeSex_structures/Global_2000_2020/2020/BRA/bra_f_15_2020.tif
2020,f,20,bra_f_20_2020.tif,https://data.worldpop.org/GIS/AgeSex_structures/Global_2000_2020/2020/BRA/bra_f_20_2020.tif
2020,f,25,bra_f_25_2020.tif,https://data.worldpop.org/GIS/AgeSex_structures/Global_2000_2020/2020/BRA/bra_f_25_2020.tif
2020,f,30,bra_f_30_2020.tif,https://data.worldpop.org/GIS/AgeSex_structures/Global_2000_2020/2020/BRA/bra_f_30_2020.tif
2020,f,35,bra_f_35_2020.tif,https://data.worldpop.org/GIS/AgeSex_structures/Global_2000_2020/2020/BRA/bra_f_35_2020.tif
2020,f,40,bra_f_40_2020.tif,https://data.worldpop.org/GIS/AgeSex_structures/Global_2000_2020/2020/BRA/bra_f_40_2020.tif
2020,f,45,bra_f_45_2020.tif,https://data.worldpop.org/GIS/AgeSex_structures/Global_2000_2020/2020/BRA/bra_f_45_2020.tif
2020,f,50,bra_f_50_2020.tif,https://data.worldpop.org/GIS/AgeSex_structures/Global_2000_2020/2020/BRA/bra_f_50_2020.tif
2020,f,55,bra_f_55_2020.tif,https://data.worldpop.org/GIS/AgeSex_structures/Global_2000_2020/2020/BRA/bra_f_55_2020.tif
2020,f,60,bra_f_60_2020.tif,https://data.worldpop.org/GIS/AgeSex_structures/Global_2000_2020/2020/BRA/bra_f_60_2020.tif
2020,f,65,bra_f_65_2020.tif,https://data.worldpop.org/GIS/AgeSex_structures/Global_2000_2020/2020/BRA/bra_f_65_2020.tif
2020,f,70,bra_f_70_2020.tif,https://data.worldpop.org/GIS/AgeSex_structures/Global_2000_2020/2020/BRA/bra_f_70_2020.tif
2020,f,75,bra_f_75_2020.tif,https://data.worldpop.org/GIS/AgeSex_structures/Global_2000_2020/2020/BRA/bra_f_75_2020.tif
2020,f,80,bra_f_80_2020.tif,https://data.worldpop.org/GIS/AgeSex_structures/Global_2000_2020/2020/BRA/bra_f_80_2020.tif
2020,m,0,bra_m_0_2020.tif,https://data.worldpop.org/GIS/AgeSex_structures/Global_2000_2020/2020/BRA/bra_m_0_2020.tif
2020,m,1,bra_m_1_2020.tif,https://data.worldpop.org/GIS/AgeSex_structures/Global_2000_2020/2020/BRA/bra_m_1_2020.tif
2020,m,5,bra_m_5_2020.tif,https://data.worldpop.org/GIS/AgeSex_structures/Global_2000_2020/2020/BRA/bra_m_5_2020.tif
2020,m,10,bra_m_10_2020.tif,https://data.worldpop.org/GIS/AgeSex_structures/Global_2000_2020/2020/BRA/bra_m_10_2020.tif
2020,m,15,bra_m_15_2020.tif,https://data.worldpop.org/GIS/AgeSex_structures/Global_2000_2020/2020/BRA/bra_m_15_2020.tif
2020,m,20,bra_m_20_2020.tif,https://data.worldpop.org/GIS/AgeSex_structures/Global_2000_2020/2020/BRA/bra_m_20_2020.tif
2020,m,25,bra_m_25_2020.tif,https://data.worldpop.org/GIS/AgeSex_structures/Global_2000_2020/2020/BRA/bra_m_25_2020.tif
2020,m,30,bra_m_30_2020.tif,https://data.worldpop.org/GIS/AgeSex_structures/Global_2000_2020/2020/BRA/bra_m_30_2020.tif
2020,m,35,bra_m_35_2020.tif,https://data.worldpop.org/GIS/AgeSex_structures/Global_2000_2020/2020/BRA/bra_m_35_2020.tif
2020,m,40,bra_m_40_2020.tif,https://data.worldpop.org/GIS/AgeSex_structures/Global_2000_2020/2020/BRA/bra_m_40_2020.tif
2020,m,45,bra_m_45_2020.tif,https://data.worldpop.org/GIS/AgeSex_structures/Global_2000_2020/2020/BRA/bra_m_45_2020.tif
2020,m,50,bra_m_50_2020.tif,https://data.worldpop.org/GIS/AgeSex_structures/Global_2000_2020/2020/BRA/bra_m_50_2020.tif
2020,m,55,bra_m_55_2020.tif,https://data.worldpop.org/GIS/AgeSex_structures/Global_2000_2020/2020/BRA/bra_m_55_2020.tif
2020,m,60,bra_m_60_2020.tif,https://data.worldpop.org/GIS/AgeSex_structures/Global_2000_2020/2020/BRA/bra_m_60_2020.tif
2020,m,65,bra_m_65_2020.tif,https://data.worldpop.org/GIS/AgeSex_structures/Global_2000_2020/2020/BRA/bra_m_65_2020.tif
2020,m,70,bra_m_70_2020.tif,https://data.worldpop.org/GIS/AgeSex_structures/Global_2000_2020/2020/BRA/bra_m_70_2020.tif
2020,m,75,bra_m_75_2020.tif,https://data.worldpop.org/GIS/AgeSex_structures/Global_2000_2020/2020/BRA/bra_m_75_2020.tif
2020,m,80,bra_m_80_2020.tif,https://data.worldpop.org/GIS/AgeSex_structures/Global_2000_2020/2020/BRA/bra_m_80_2020.tif
