year,sex,age_class,filename,url,http_status,content_length_bytes,accept_ranges,etag,last_modified,method,size_gb
2000,f,0,bra_f_0_2000.tif,https://data.worldpop.org/GIS/AgeSex_structures/Global_2000_2020/2000/BRA/bra_f_0_2000.tif,200,3783408809,bytes,"""e1823ca9-5781b9dc8ab77""","Sat, 13 Oct 2018 12:48:10 GMT",HEAD,3.523574032820761
2000,f,1,bra_f_1_2000.tif,https://data.worldpop.org/GIS/AgeSex_structures/Global_2000_2020/2000/BRA/bra_f_1_2000.tif,200,3783347263,bytes,"""e1814c3f-5781b7efa00f0""","Sat, 13 Oct 2018 12:39:33 GMT",HEAD,3.523516713641584
2000,f,5,bra_f_5_2000.tif,https://data.worldpop.org/GIS/AgeSex_structures/Global_2000_2020/2000/BRA/bra_f_5_2000.tif,200,3783292288,bytes,"""e1807580-5781b6cad87d1""","Sat, 13 Oct 2018 12:34:26 GMT",HEAD,3.5234655141830444
2000,f,10,bra_f_10_2000.tif,https://data.worldpop.org/GIS/AgeSex_structures/Global_2000_2020/2000/BRA/bra_f_10_2000.tif,200,3783253076,bytes,"""e17fdc54-5781b3b7d7ad4""","Sat, 13 Oct 2018 12:20:41 GMT",HEAD,3.5234289951622486
2000,f,15,bra_f_15_2000.tif,https://data.worldpop.org/GIS/AgeSex_structures/Global_2000_2020/2000/BRA/bra_f_15_2000.tif,200,3783253271,bytes,"""e17fdd17-5781b667f7de3""","Sat, 13 Oct 2018 12:32:42 GMT",HEAD,3.5234291767701507
2000,f,20,bra_f_20_2000.tif,https://data.worldpop.org/GIS/AgeSex_structures/Global_2000_2020/2000/BRA/bra_f_20_2000.tif,200,3783241764,bytes,"""e17fb024-5781ba3ecd435""","Sat, 13 Oct 2018 12:49:53 GMT",HEAD,3.5234184600412846
2000,f,25,bra_f_25_2000.tif,https://data.worldpop.org/GIS/AgeSex_structures/Global_2000_2020/2000/BRA/bra_f_25_2000.tif,200,3783236589,bytes,"""e17f9bed-5781b91986adc""","Sat, 13 Oct 2018 12:44:45 GMT",HEAD,3.523413640446961
2000,f,30,bra_f_30_2000.tif,https://data.worldpop.org/GIS/AgeSex_structures/Global_2000_2020/2000/BRA/bra_f_30_2000.tif,200,3783294316,bytes,"""e1807d6c-5781b3570a022""","Sat, 13 Oct 2018 12:18:59 GMT",HEAD,3.5234674029052258
2000,f,35,bra_f_35_2000.tif,https://data.worldpop.org/GIS/AgeSex_structures/Global_2000_2020/2000/BRA/bra_f_35_2000.tif,200,3783389640,bytes,"""e181f1c8-5781bc8f2357a""","Sat, 13 Oct 2018 13:00:14 GMT",HEAD,3.5235561802983284
2000,f,40,bra_f_40_2000.tif,https://data.worldpop.org/GIS/AgeSex_structures/Global_2000_2020/2000/BRA/bra_f_40_2000.tif,200,3783243181,bytes,"""e17fb5ad-5781b16e28f64""","Sat, 13 Oct 2018 12:10:26 GMT",HEAD,3.523419779725373
2000,f,45,bra_f_45_2000.tif,https://data.worldpop.org/GIS/AgeSex_structures/Global_2000_2020/2000/BRA/bra_f_45_2000.tif,200,3783285558,bytes,"""e1805b36-5781b23015008""","Sat, 13 Oct 2018 12:13:50 GMT",HEAD,3.5234592463821173
2000,f,50,bra_f_50_2000.tif,https://data.worldpop.org/GIS/AgeSex_structures/Global_2000_2020/2000/BRA/bra_f_50_2000.tif,200,3783407488,bytes,"""e1823780-5781b97b0e054""","Sat, 13 Oct 2018 12:46:27 GMT",HEAD,3.52357280254364
2000,f,55,bra_f_55_2000.tif,https://data.worldpop.org/GIS/AgeSex_structures/Global_2000_2020/2000/BRA/bra_f_55_2000.tif,200,3783353753,bytes,"""e1816599-5781b72ca9eac""","Sat, 13 Oct 2018 12:36:08 GMT",HEAD,3.523522757925093
2000,f,60,bra_f_60_2000.tif,https://data.worldpop.org/GIS/AgeSex_structures/Global_2000_2020/2000/BRA/bra_f_60_2000.tif,200,3783449239,bytes,"""e182da97-5781b1ce9ef4a""","Sat, 13 Oct 2018 12:12:08 GMT",HEAD,3.523611686192453
2000,f,65,bra_f_65_2000.tif,https://data.worldpop.org/GIS/AgeSex_structures/Global_2000_2020/2000/BRA/bra_f_65_2000.tif,200,3783426498,bytes,"""e18281c2-5781bb012a34d""","Sat, 13 Oct 2018 12:53:17 GMT",HEAD,3.5235905069857836
2000,f,70,bra_f_70_2000.tif,https://data.worldpop.org/GIS/AgeSex_structures/Global_2000_2020/2000/BRA/bra_f_70_2000.tif,200,3783301075,bytes,"""e18097d3-5781b10c072e4""","Sat, 13 Oct 2018 12:08:44 GMT",HEAD,3.5234736977145076
2000,f,75,bra_f_75_2000.tif,https://data.worldpop.org/GIS/AgeSex_structures/Global_2000_2020/2000/BRA/bra_f_75_2000.tif,200,3783390788,bytes,"""e181f644-5781bc2900921""","Sat, 13 Oct 2018 12:58:27 GMT",HEAD,3.523557249456644
2000,f,80,bra_f_80_2000.tif,https://data.worldpop.org/GIS/AgeSex_structures/Global_2000_2020/2000/BRA/bra_f_80_2000.tif,200,3783451055,bytes,"""e182e1af-5781b5a447a8f""","Sat, 13 Oct 2018 12:29:17 GMT",HEAD,3.5236133774742484
2000,m,0,bra_m_0_2000.tif,https://data.worldpop.org/GIS/AgeSex_structures/Global_2000_2020/2000/BRA/bra_m_0_2000.tif,200,3783400677,bytes,"""e1821ce5-5781b78f10113""","Sat, 13 Oct 2018 12:37:52 GMT",HEAD,3.5235664593055844
2000,m,1,bra_m_1_2000.tif,https://data.worldpop.org/GIS/AgeSex_structures/Global_2000_2020/2000/BRA/bra_m_1_2000.tif,200,3783342330,bytes,"""e18138fa-5781bb62ae6a7""","Sat, 13 Oct 2018 12:54:59 GMT",HEAD,3.5235121194273233
2000,m,5,bra_m_5_2000.tif,https://data.worldpop.org/GIS/AgeSex_structures/Global_2000_2020/2000/BRA/bra_m_5_2000.tif,200,3783234292,bytes,"""e17f92f4-5781b046e2379""","Sat, 13 Oct 2018 12:05:17 GMT",HEAD,3.523411501199007
2000,m,10,bra_m_10_2000.tif,https://data.worldpop.org/GIS/AgeSex_structures/Global_2000_2020/2000/BRA/bra_m_10_2000.tif,200,3783239804,bytes,"""e17fa87c-5781b4de7ed60""","Sat, 13 Oct 2018 12:25:50 GMT",HEAD,3.5234166346490383
2000,m,15,bra_m_15_2000.tif,https://data.worldpop.org/GIS/AgeSex_structures/Global_2000_2020/2000/BRA/bra_m_15_2000.tif,200,3783308782,bytes,"""e180b5ee-5781b85398826""","Sat, 13 Oct 2018 12:41:18 GMT",HEAD,3.52348087541759
2000,m,20,bra_m_20_2000.tif,https://data.worldpop.org/GIS/AgeSex_structures/Global_2000_2020/2000/BRA/bra_m_20_2000.tif,200,3783264910,bytes,"""e1800a8e-5781baa058d9f""","Sat, 13 Oct 2018 12:51:35 GMT",HEAD,3.5234400164335966
2000,m,25,bra_m_25_2000.tif,https://data.worldpop.org/GIS/AgeSex_structures/Global_2000_2020/2000/BRA/bra_m_25_2000.tif,200,3783289143,bytes,"""e1806937-5781b2922f929""","Sat, 13 Oct 2018 12:15:33 GMT",HEAD,3.5234625851735473
2000,m,30,bra_m_30_2000.tif,https://data.worldpop.org/GIS/AgeSex_structures/Global_2000_2020/2000/BRA/bra_m_30_2000.tif,200,3783231260,bytes,"""e17f871c-5781b47c6b65a""","Sat, 13 Oct 2018 12:24:07 GMT",HEAD,3.523408677428961
2000,m,35,bra_m_35_2000.tif,https://data.worldpop.org/GIS/AgeSex_structures/Global_2000_2020/2000/BRA/bra_m_35_2000.tif,200,3783192054,bytes,"""e17eedf6-5781b0aa2cf28""","Sat, 13 Oct 2018 12:07:01 GMT",HEAD,3.5233721639961004
2000,m,40,bra_m_40_2000.tif,https://data.worldpop.org/GIS/AgeSex_structures/Global_2000_2020/2000/BRA/bra_m_40_2000.tif,200,3783310778,bytes,"""e180bdba-5781afe415ec5""","Sat, 13 Oct 2018 12:03:33 GMT",HEAD,3.523482734337449
2000,m,45,bra_m_45_2000.tif,https://data.worldpop.org/GIS/AgeSex_structures/Global_2000_2020/2000/BRA/bra_m_45_2000.tif,200,3783166822,bytes,"""e17e8b66-5781af82ade19""","Sat, 13 Oct 2018 12:01:51 GMT",HEAD,3.5233486648648977
2000,m,50,bra_m_50_2000.tif,https://data.worldpop.org/GIS/AgeSex_structures/Global_2000_2020/2000/BRA/bra_m_50_2000.tif,200,3783334369,bytes,"""e18119e1-5781bbc614e55""","Sat, 13 Oct 2018 12:56:43 GMT",HEAD,3.523504705168307
2000,m,55,bra_m_55_2000.tif,https://data.worldpop.org/GIS/AgeSex_structures/Global_2000_2020/2000/BRA/bra_m_55_2000.tif,200,3783412529,bytes,"""e1824b31-5781b542101ad""","Sat, 13 Oct 2018 12:27:34 GMT",HEAD,3.5235774973407388
2000,m,60,bra_m_60_2000.tif,https://data.worldpop.org/GIS/AgeSex_structures/Global_2000_2020/2000/BRA/bra_m_60_2000.tif,200,3783328562,bytes,"""e1810332-5781b41a3c607""","Sat, 13 Oct 2018 12:22:24 GMT",HEAD,3.523499296978116
2000,m,65,bra_m_65_2000.tif,https://data.worldpop.org/GIS/AgeSex_structures/Global_2000_2020/2000/BRA/bra_m_65_2000.tif,200,3783364671,bytes,"""e181903f-5781b60693239""","Sat, 13 Oct 2018 12:31:00 GMT",HEAD,3.523532926104963
2000,m,70,bra_m_70_2000.tif,https://data.worldpop.org/GIS/AgeSex_structures/Global_2000_2020/2000/BRA/bra_m_70_2000.tif,200,3783336512,bytes,"""e1812240-5781af1ba200b""","Sat, 13 Oct 2018 12:00:03 GMT",HEAD,3.5235067009925842
2000,m,75,bra_m_75_2000.tif,https://data.worldpop.org/GIS/AgeSex_structures/Global_2000_2020/2000/BRA/bra_m_75_2000.tif,200,3783606610,bytes,"""e1854152-5781b8b6594a3""","Sat, 13 Oct 2018 12:43:01 GMT",HEAD,3.5237582493573427
2000,m,80,bra_m_80_2000.tif,https://data.worldpop.org/GIS/AgeSex_structures/Global_2000_2020/2000/BRA/bra_m_80_2000.tif,200,3783676850,bytes,"""e18653b2-5781b2f527eba""","Sat, 13 Oct 2018 12:17:16 GMT",HEAD,3.5238236654549837
2001,f,0,bra_f_0_2001.tif,https://data.worldpop.org/GIS/AgeSex_structures/Global_2000_2020/2001/BRA/bra_f_0_2001.tif,200,4163897537,bytes,"""f83008c1-5723b952dd8c0""","Mon, 30 Jul 2018 18:25:15 GMT",HEAD,3.8779317745938897
2001,f,1,bra_f_1_2001.tif,https://data.worldpop.org/GIS/AgeSex_structures/Global_2000_2020/2001/BRA/bra_f_1_2001.tif,200,4163262914,bytes,"""f82659c2-5723ba21d0100""","Mon, 30 Jul 2018 18:28:52 GMT",HEAD,3.8773407358676195
2001,f,5,bra_f_5_2001.tif,https://data.worldpop.org/GIS/AgeSex_structures/Global_2000_2020/2001/BRA/bra_f_5_2001.tif,200,4163254543,bytes,"""f826390f-5723baf0c2940""","Mon, 30 Jul 2018 18:32:29 GMT",HEAD,3.8773329397663474
2001,f,10,bra_f_10_2001.tif,https://data.worldpop.org/GIS/AgeSex_structures/Global_2000_2020/2001/BRA/bra_f_10_2001.tif,200,4163256422,bytes,"""f8264066-5723bbbfb5180""","Mon, 30 Jul 2018 18:36:06 GMT",HEAD,3.877334689721465
2001,f,15,bra_f_15_2001.tif,https://data.worldpop.org/GIS/AgeSex_structures/Global_2000_2020/2001/BRA/bra_f_15_2001.tif,200,4163285122,bytes,"""f826b082-5723bc8ea79c0""","Mon, 30 Jul 2018 18:39:43 GMT",HEAD,3.8773614186793566
2001,f,20,bra_f_20_2001.tif,https://data.worldpop.org/GIS/AgeSex_structures/Global_2000_2020/2001/BRA/bra_f_20_2001.tif,200,4163178568,bytes,"""f8251048-5723bd5d9a200""","Mon, 30 Jul 2018 18:43:20 GMT",HEAD,3.877262182533741
2001,f,25,bra_f_25_2001.tif,https://data.worldpop.org/GIS/AgeSex_structures/Global_2000_2020/2001/BRA/bra_f_25_2001.tif,200,4163255597,bytes,"""f8263d2d-5723be2b98800""","Mon, 30 Jul 2018 18:46:56 GMT",HEAD,3.877333921380341
2001,f,30,bra_f_30_2001.tif,https://data.worldpop.org/GIS/AgeSex_structures/Global_2000_2020/2001/BRA/bra_f_30_2001.tif,200,4163243100,bytes,"""f8260c5c-5723befb7f280""","Mon, 30 Jul 2018 18:50:34 GMT",HEAD,3.877322282642126
2001,f,35,bra_f_35_2001.tif,https://data.worldpop.org/GIS/AgeSex_structures/Global_2000_2020/2001/BRA/bra_f_35_2001.tif,200,4163223674,bytes,"""f825c07a-5723bfca71ac0""","Mon, 30 Jul 2018 18:54:11 GMT",HEAD,3.8773041907697916
2001,f,40,bra_f_40_2001.tif,https://data.worldpop.org/GIS/AgeSex_structures/Global_2000_2020/2001/BRA/bra_f_40_2001.tif,200,4163343461,bytes,"""f8279465-5723c09964300""","Mon, 30 Jul 2018 18:57:48 GMT",HEAD,3.877415751107037
2001,f,45,bra_f_45_2001.tif,https://data.worldpop.org/GIS/AgeSex_structures/Global_2000_2020/2001/BRA/bra_f_45_2001.tif,200,4163711254,bytes,"""f82d3116-5723c16856b40""","Mon, 30 Jul 2018 19:01:25 GMT",HEAD,3.8777582850307226
2001,f,50,bra_f_50_2001.tif,https://data.worldpop.org/GIS/AgeSex_structures/Global_2000_2020/2001/BRA/bra_f_50_2001.tif,200,4163540982,bytes,"""f82a97f6-5723c23749380""","Mon, 30 Jul 2018 19:05:02 GMT",HEAD,3.8775997068732977
2001,f,55,bra_f_55_2001.tif,https://data.worldpop.org/GIS/AgeSex_structures/Global_2000_2020/2001/BRA/bra_f_55_2001.tif,200,4163401822,bytes,"""f828785e-5723c3063bbc0""","Mon, 30 Jul 2018 19:08:39 GMT",HEAD,3.877470104023814
2001,f,60,bra_f_60_2001.tif,https://data.worldpop.org/GIS/AgeSex_structures/Global_2000_2020/2001/BRA/bra_f_60_2001.tif,200,4163868982,bytes,"""f82f9936-5723c3d52e400""","Mon, 30 Jul 2018 19:12:16 GMT",HEAD,3.8779051806777716
2001,f,65,bra_f_65_2001.tif,https://data.worldpop.org/GIS/AgeSex_structures/Global_2000_2020/2001/BRA/bra_f_65_2001.tif,200,4163994834,bytes,"""f83184d2-5723c4a514e80""","Mon, 30 Jul 2018 19:15:54 GMT",HEAD,3.878022389486432
2001,f,70,bra_f_70_2001.tif,https://data.worldpop.org/GIS/AgeSex_structures/Global_2000_2020/2001/BRA/bra_f_70_2001.tif,200,4164540097,bytes,"""f839d6c1-5723c574076c0""","Mon, 30 Jul 2018 19:19:31 GMT",HEAD,3.8785302052274346
2001,f,75,bra_f_75_2001.tif,https://data.worldpop.org/GIS/AgeSex_structures/Global_2000_2020/2001/BRA/bra_f_75_2001.tif,200,4164298844,bytes,"""f836285c-5723c643ee140""","Mon, 30 Jul 2018 19:23:09 GMT",HEAD,3.878305520862341
2001,f,80,bra_f_80_2001.tif,https://data.worldpop.org/GIS/AgeSex_structures/Global_2000_2020/2001/BRA/bra_f_80_2001.tif,200,4164773542,bytes,"""f83d66a6-5723c712e0980""","Mon, 30 Jul 2018 19:26:46 GMT",HEAD,3.8787476178258657
2001,m,0,bra_m_0_2001.tif,https://data.worldpop.org/GIS/AgeSex_structures/Global_2000_2020/2001/BRA/bra_m_0_2001.tif,200,4163794441,bytes,"""f82e7609-572389976fb80""","Mon, 30 Jul 2018 14:51:42 GMT",HEAD,3.877835758961737
2001,m,1,bra_m_1_2001.tif,https://data.worldpop.org/GIS/AgeSex_structures/Global_2000_2020/2001/BRA/bra_m_1_2001.tif,200,4163160103,bytes,"""f824c827-57238a6756600""","Mon, 30 Jul 2018 14:55:20 GMT",HEAD,3.8772449856624007
2001,m,5,bra_m_5_2001.tif,https://data.worldpop.org/GIS/AgeSex_structures/Global_2000_2020/2001/BRA/bra_m_5_2001.tif,200,4163208306,bytes,"""f8258472-57238b3925500""","Mon, 30 Jul 2018 14:59:00 GMT",HEAD,3.877289878204465
2001,m,10,bra_m_10_2001.tif,https://data.worldpop.org/GIS/AgeSex_structures/Global_2000_2020/2001/BRA/bra_m_10_2001.tif,200,4163270695,bytes,"""f8267827-57238c090bf80""","Mon, 30 Jul 2018 15:02:38 GMT",HEAD,3.8773479824885726
2001,m,15,bra_m_15_2001.tif,https://data.worldpop.org/GIS/AgeSex_structures/Global_2000_2020/2001/BRA/bra_m_15_2001.tif,200,4163199840,bytes,"""f8256360-57238cd7fe7c0""","Mon, 30 Jul 2018 15:06:15 GMT",HEAD,3.877281993627548
2001,m,20,bra_m_20_2001.tif,https://data.worldpop.org/GIS/AgeSex_structures/Global_2000_2020/2001/BRA/bra_m_20_2001.tif,200,4163080525,bytes,"""f823914d-57238da6f1000""","Mon, 30 Jul 2018 15:09:52 GMT",HEAD,3.877170872874558
2001,m,25,bra_m_25_2001.tif,https://data.worldpop.org/GIS/AgeSex_structures/Global_2000_2020/2001/BRA/bra_m_25_2001.tif,200,4163303082,bytes,"""f826f6aa-57238e75e3840""","Mon, 30 Jul 2018 15:13:29 GMT",HEAD,3.8773781452327967
2001,m,30,bra_m_30_2001.tif,https://data.worldpop.org/GIS/AgeSex_structures/Global_2000_2020/2001/BRA/bra_m_30_2001.tif,200,4163190796,bytes,"""f825400c-57238f45ca2c0""","Mon, 30 Jul 2018 15:17:07 GMT",HEAD,3.8772735707461834
2001,m,35,bra_m_35_2001.tif,https://data.worldpop.org/GIS/AgeSex_structures/Global_2000_2020/2001/BRA/bra_m_35_2001.tif,200,4163161254,bytes,"""f824cca6-57239014bcb00""","Mon, 30 Jul 2018 15:20:44 GMT",HEAD,3.877246057614684
2001,m,40,bra_m_40_2001.tif,https://data.worldpop.org/GIS/AgeSex_structures/Global_2000_2020/2001/BRA/bra_m_40_2001.tif,200,4163204795,bytes,"""f82576bb-572390e4a3580""","Mon, 30 Jul 2018 15:24:22 GMT",HEAD,3.8772866083309054
2001,m,45,bra_m_45_2001.tif,https://data.worldpop.org/GIS/AgeSex_structures/Global_2000_2020/2001/BRA/bra_m_45_2001.tif,200,4163667809,bytes,"""f82c8761-572391b7666c0""","Mon, 30 Jul 2018 15:28:03 GMT",HEAD,3.8777178237214684
2001,m,50,bra_m_50_2001.tif,https://data.worldpop.org/GIS/AgeSex_structures/Global_2000_2020/2001/BRA/bra_m_50_2001.tif,200,4163549308,bytes,"""f82ab87c-572392874d140""","Mon, 30 Jul 2018 15:31:41 GMT",HEAD,3.877607461065054
2001,m,55,bra_m_55_2001.tif,https://data.worldpop.org/GIS/AgeSex_structures/Global_2000_2020/2001/BRA/bra_m_55_2001.tif,200,4163495292,bytes,"""f829e57c-5723935733bc0""","Mon, 30 Jul 2018 15:35:19 GMT",HEAD,3.8775571547448635
2001,m,60,bra_m_60_2001.tif,https://data.worldpop.org/GIS/AgeSex_structures/Global_2000_2020/2001/BRA/bra_m_60_2001.tif,200,4163669975,bytes,"""f82c8fd7-572394271a640""","Mon, 30 Jul 2018 15:38:57 GMT",HEAD,3.877719840966165
2001,m,65,bra_m_65_2001.tif,https://data.worldpop.org/GIS/AgeSex_structures/Global_2000_2020/2001/BRA/bra_m_65_2001.tif,200,4163967435,bytes,"""f83119cb-572394f7010c0""","Mon, 30 Jul 2018 15:42:35 GMT",HEAD,3.87799687217921
2001,m,70,bra_m_70_2001.tif,https://data.worldpop.org/GIS/AgeSex_structures/Global_2000_2020/2001/BRA/bra_m_70_2001.tif,200,4164295822,bytes,"""f8361c8e-572395c6e7b40""","Mon, 30 Jul 2018 15:46:13 GMT",HEAD,3.8783027064055204
2001,m,75,bra_m_75_2001.tif,https://data.worldpop.org/GIS/AgeSex_structures/Global_2000_2020/2001/BRA/bra_m_75_2001.tif,200,4164610241,bytes,"""f83ae8c1-57239695da380""","Mon, 30 Jul 2018 15:49:50 GMT",HEAD,3.8785955319181085
2001,m,80,bra_m_80_2001.tif,https://data.worldpop.org/GIS/AgeSex_structures/Global_2000_2020/2001/BRA/bra_m_80_2001.tif,200,4164894258,bytes,"""f83f3e32-57239765c0e00""","Mon, 30 Jul 2018 15:53:28 GMT",HEAD,3.878860043361783
2002,f,0,bra_f_0_2002.tif,https://data.worldpop.org/GIS/AgeSex_structures/Global_2000_2020/2002/BRA/bra_f_0_2002.tif,200,3835752600,bytes,"""e4a0f098-5744e66970e40""","Sun, 26 Aug 2018 03:42:41 GMT",HEAD,3.5723229870200157
2002,f,1,bra_f_1_2002.tif,https://data.worldpop.org/GIS/AgeSex_structures/Global_2000_2020/2002/BRA/bra_f_1_2002.tif,200,3835638795,bytes,"""e49f340b-5744e72921280""","Sun, 26 Aug 2018 03:46:02 GMT",HEAD,3.5722169978544116
2002,f,5,bra_f_5_2002.tif,https://data.worldpop.org/GIS/AgeSex_structures/Global_2000_2020/2002/BRA/bra_f_5_2002.tif,200,3835646096,bytes,"""e49f5090-5744e7e8d16c0""","Sun, 26 Aug 2018 03:49:23 GMT",HEAD,3.572223797440529
2002,f,10,bra_f_10_2002.tif,https://data.worldpop.org/GIS/AgeSex_structures/Global_2000_2020/2002/BRA/bra_f_10_2002.tif,200,3835616299,bytes,"""e49edc2b-5744e8a881b00""","Sun, 26 Aug 2018 03:52:44 GMT",HEAD,3.572196046821773
2002,f,15,bra_f_15_2002.tif,https://data.worldpop.org/GIS/AgeSex_structures/Global_2000_2020/2002/BRA/bra_f_15_2002.tif,200,3835577620,bytes,"""e49e4514-5744e96831f40""","Sun, 26 Aug 2018 03:56:05 GMT",HEAD,3.5721600241959095
2002,f,20,bra_f_20_2002.tif,https://data.worldpop.org/GIS/AgeSex_structures/Global_2000_2020/2002/BRA/bra_f_20_2002.tif,200,3835564124,bytes,"""e49e105c-5744ea26ee140""","Sun, 26 Aug 2018 03:59:25 GMT",HEAD,3.5721474550664425
2002,f,25,bra_f_25_2002.tif,https://data.worldpop.org/GIS/AgeSex_structures/Global_2000_2020/2002/BRA/bra_f_25_2002.tif,200,3835587950,bytes,"""e49e6d6e-5744eae69e580""","Sun, 26 Aug 2018 04:02:46 GMT",HEAD,3.5721696447581053
2002,f,30,bra_f_30_2002.tif,https://data.worldpop.org/GIS/AgeSex_structures/Global_2000_2020/2002/BRA/bra_f_30_2002.tif,200,3835578136,bytes,"""e49e4718-5744eba64e9c0""","Sun, 26 Aug 2018 04:06:07 GMT",HEAD,3.572160504758358
2002,f,35,bra_f_35_2002.tif,https://data.worldpop.org/GIS/AgeSex_structures/Global_2000_2020/2002/BRA/bra_f_35_2002.tif,200,3835548039,bytes,"""e49dd187-5744ec66f3040""","Sun, 26 Aug 2018 04:09:29 GMT",HEAD,3.57213247474283
2002,f,40,bra_f_40_2002.tif,https://data.worldpop.org/GIS/AgeSex_structures/Global_2000_2020/2002/BRA/bra_f_40_2002.tif,200,3835422809,bytes,"""e49be859-5744ed26a3480""","Sun, 26 Aug 2018 04:12:50 GMT",HEAD,3.5720158452168107
2002,f,45,bra_f_45_2002.tif,https://data.worldpop.org/GIS/AgeSex_structures/Global_2000_2020/2002/BRA/bra_f_45_2002.tif,200,3835720841,bytes,"""e4a07489-5744ede55f680""","Sun, 26 Aug 2018 04:16:10 GMT",HEAD,3.5722934091463685
2002,f,50,bra_f_50_2002.tif,https://data.worldpop.org/GIS/AgeSex_structures/Global_2000_2020/2002/BRA/bra_f_50_2002.tif,200,3835561789,bytes,"""e49e073d-5744eea603d00""","Sun, 26 Aug 2018 04:19:32 GMT",HEAD,3.5721452804282308
2002,f,55,bra_f_55_2002.tif,https://data.worldpop.org/GIS/AgeSex_structures/Global_2000_2020/2002/BRA/bra_f_55_2002.tif,200,3835649854,bytes,"""e49f5f3e-5744ef64bff00""","Sun, 26 Aug 2018 04:22:52 GMT",HEAD,3.5722272973507643
2002,f,60,bra_f_60_2002.tif,https://data.worldpop.org/GIS/AgeSex_structures/Global_2000_2020/2002/BRA/bra_f_60_2002.tif,200,3835634722,bytes,"""e49f2422-5744f02470340""","Sun, 26 Aug 2018 04:26:13 GMT",HEAD,3.572213204577565
2002,f,65,bra_f_65_2002.tif,https://data.worldpop.org/GIS/AgeSex_structures/Global_2000_2020/2002/BRA/bra_f_65_2002.tif,200,3835666036,bytes,"""e49f9e74-5744f0e420780""","Sun, 26 Aug 2018 04:29:34 GMT",HEAD,3.5722423680126667
2002,f,70,bra_f_70_2002.tif,https://data.worldpop.org/GIS/AgeSex_structures/Global_2000_2020/2002/BRA/bra_f_70_2002.tif,200,3835795886,bytes,"""e4a199ae-5744f1a3d0bc0""","Sun, 26 Aug 2018 04:32:55 GMT",HEAD,3.5723633002489805
2002,f,75,bra_f_75_2002.tif,https://data.worldpop.org/GIS/AgeSex_structures/Global_2000_2020/2002/BRA/bra_f_75_2002.tif,200,3835798888,bytes,"""e4a1a568-5744f26381000""","Sun, 26 Aug 2018 04:36:16 GMT",HEAD,3.5723660960793495
2002,f,80,bra_f_80_2002.tif,https://data.worldpop.org/GIS/AgeSex_structures/Global_2000_2020/2002/BRA/bra_f_80_2002.tif,200,3835889610,bytes,"""e4a307ca-5744f32331440""","Sun, 26 Aug 2018 04:39:37 GMT",HEAD,3.572450587525964
2002,m,0,bra_m_0_2002.tif,https://data.worldpop.org/GIS/AgeSex_structures/Global_2000_2020/2002/BRA/bra_m_0_2002.tif,200,3835747437,bytes,"""e4a0dc6d-5744b87f67b00""","Sun, 26 Aug 2018 00:17:16 GMT",HEAD,3.572318178601563
2002,m,1,bra_m_1_2002.tif,https://data.worldpop.org/GIS/AgeSex_structures/Global_2000_2020/2002/BRA/bra_m_1_2002.tif,200,3835582399,bytes,"""e49e57bf-5744b93e23d00""","Sun, 26 Aug 2018 00:20:36 GMT",HEAD,3.5721644749864936
2002,m,5,bra_m_5_2002.tif,https://data.worldpop.org/GIS/AgeSex_structures/Global_2000_2020/2002/BRA/bra_m_5_2002.tif,200,3835628707,bytes,"""e49f0ca3-5744b9ffbc5c0""","Sun, 26 Aug 2018 00:23:59 GMT",HEAD,3.572207602672279
2002,m,10,bra_m_10_2002.tif,https://data.worldpop.org/GIS/AgeSex_structures/Global_2000_2020/2002/BRA/bra_m_10_2002.tif,200,3835602061,bytes,"""e49ea48d-5744babe787c0""","Sun, 26 Aug 2018 00:27:19 GMT",HEAD,3.5721827866509557
2002,m,15,bra_m_15_2002.tif,https://data.worldpop.org/GIS/AgeSex_structures/Global_2000_2020/2002/BRA/bra_m_15_2002.tif,200,3835635642,bytes,"""e49f27ba-5744bb7d349c0""","Sun, 26 Aug 2018 00:30:39 GMT",HEAD,3.572214061394334
2002,m,20,bra_m_20_2002.tif,https://data.worldpop.org/GIS/AgeSex_structures/Global_2000_2020/2002/BRA/bra_m_20_2002.tif,200,3835413198,bytes,"""e49bc2ce-5744bc3bf0bc0""","Sun, 26 Aug 2018 00:33:59 GMT",HEAD,3.572006894275546
2002,m,25,bra_m_25_2002.tif,https://data.worldpop.org/GIS/AgeSex_structures/Global_2000_2020/2002/BRA/bra_m_25_2002.tif,200,3835611477,bytes,"""e49ec955-5744bcfba1000""","Sun, 26 Aug 2018 00:37:20 GMT",HEAD,3.5721915559843183
2002,m,30,bra_m_30_2002.tif,https://data.worldpop.org/GIS/AgeSex_structures/Global_2000_2020/2002/BRA/bra_m_30_2002.tif,200,3835655711,bytes,"""e49f761f-5744bdba5d200""","Sun, 26 Aug 2018 00:40:40 GMT",HEAD,3.572232752107084
2002,m,35,bra_m_35_2002.tif,https://data.worldpop.org/GIS/AgeSex_structures/Global_2000_2020/2002/BRA/bra_m_35_2002.tif,200,3835645232,bytes,"""e49f4d30-5744be7a0d640""","Sun, 26 Aug 2018 00:44:01 GMT",HEAD,3.5722229927778244
2002,m,40,bra_m_40_2002.tif,https://data.worldpop.org/GIS/AgeSex_structures/Global_2000_2020/2002/BRA/bra_m_40_2002.tif,200,3835444074,bytes,"""e49c3b6a-5744bf39bda80""","Sun, 26 Aug 2018 00:47:22 GMT",HEAD,3.57203564979136
2002,m,45,bra_m_45_2002.tif,https://data.worldpop.org/GIS/AgeSex_structures/Global_2000_2020/2002/BRA/bra_m_45_2002.tif,200,3835557028,bytes,"""e49df4a4-5744bff879c80""","Sun, 26 Aug 2018 00:50:42 GMT",HEAD,3.572140846401453
2002,m,50,bra_m_50_2002.tif,https://data.worldpop.org/GIS/AgeSex_structures/Global_2000_2020/2002/BRA/bra_m_50_2002.tif,200,3835503687,bytes,"""e49d2447-5744c0b735e80""","Sun, 26 Aug 2018 00:54:02 GMT",HEAD,3.5720911687240005
2002,m,55,bra_m_55_2002.tif,https://data.worldpop.org/GIS/AgeSex_structures/Global_2000_2020/2002/BRA/bra_m_55_2002.tif,200,3835759796,bytes,"""e4a10cb4-5744c176e62c0""","Sun, 26 Aug 2018 00:57:23 GMT",HEAD,3.5723296888172626
2002,m,60,bra_m_60_2002.tif,https://data.worldpop.org/GIS/AgeSex_structures/Global_2000_2020/2002/BRA/bra_m_60_2002.tif,200,3835711050,bytes,"""e4a04e4a-5744c2387eb80""","Sun, 26 Aug 2018 01:00:46 GMT",HEAD,3.5722842905670404
2002,m,65,bra_m_65_2002.tif,https://data.worldpop.org/GIS/AgeSex_structures/Global_2000_2020/2002/BRA/bra_m_65_2002.tif,200,3835649690,bytes,"""e49f5e9a-5744c2f73ad80""","Sun, 26 Aug 2018 01:04:06 GMT",HEAD,3.572227144613862
2002,m,70,bra_m_70_2002.tif,https://data.worldpop.org/GIS/AgeSex_structures/Global_2000_2020/2002/BRA/bra_m_70_2002.tif,200,3835821270,bytes,"""e4a1fcd6-5744c3b5f6f80""","Sun, 26 Aug 2018 01:07:26 GMT",HEAD,3.5723869409412146
2002,m,75,bra_m_75_2002.tif,https://data.worldpop.org/GIS/AgeSex_structures/Global_2000_2020/2002/BRA/bra_m_75_2002.tif,200,3835895747,bytes,"""e4a31fc3-5744c474b3180""","Sun, 26 Aug 2018 01:10:46 GMT",HEAD,3.572456303052604
2002,m,80,bra_m_80_2002.tif,https://data.worldpop.org/GIS/AgeSex_structures/Global_2000_2020/2002/BRA/bra_m_80_2002.tif,200,3835966296,bytes,"""e4a43358-5744c534635c0""","Sun, 26 Aug 2018 01:14:07 GMT",HEAD,3.5725220069289207
2003,f,0,bra_f_0_2003.tif,https://data.worldpop.org/GIS/AgeSex_structures/Global_2000_2020/2003/BRA/bra_f_0_2003.tif,200,3867250570,bytes,"""e6818f8a-57b49ea4773c4""","Fri, 23 Nov 2018 00:17:56 GMT",HEAD,3.601657757535577
2003,f,1,bra_f_1_2003.tif,https://data.worldpop.org/GIS/AgeSex_structures/Global_2000_2020/2003/BRA/bra_f_1_2003.tif,200,3867052233,bytes,"""e67e88c9-57b49f7e261b6""","Fri, 23 Nov 2018 00:21:45 GMT",HEAD,3.6014730418100953
2003,f,5,bra_f_5_2003.tif,https://data.worldpop.org/GIS/AgeSex_structures/Global_2000_2020/2003/BRA/bra_f_5_2003.tif,200,3867050984,bytes,"""e67e83e8-57b4a20018c69""","Fri, 23 Nov 2018 00:32:58 GMT",HEAD,3.6014718785881996
2003,f,10,bra_f_10_2003.tif,https://data.worldpop.org/GIS/AgeSex_structures/Global_2000_2020/2003/BRA/bra_f_10_2003.tif,200,3866945459,bytes,"""e67ce7b3-57b49ee7ffea5""","Fri, 23 Nov 2018 00:19:07 GMT",HEAD,3.6013736007735133
2003,f,15,bra_f_15_2003.tif,https://data.worldpop.org/GIS/AgeSex_structures/Global_2000_2020/2003/BRA/bra_f_15_2003.tif,200,3866914611,bytes,"""e67c6f33-57b49f320c0b9""","Fri, 23 Nov 2018 00:20:25 GMT",HEAD,3.6013448713347316
2003,f,20,bra_f_20_2003.tif,https://data.worldpop.org/GIS/AgeSex_structures/Global_2000_2020/2003/BRA/bra_f_20_2003.tif,200,3867160552,bytes,"""e6802fe8-57b49fbfaa059""","Fri, 23 Nov 2018 00:22:53 GMT",HEAD,3.601573921740055
2003,f,25,bra_f_25_2003.tif,https://data.worldpop.org/GIS/AgeSex_structures/Global_2000_2020/2003/BRA/bra_f_25_2003.tif,200,3867142521,bytes,"""e67fe979-57b4a00c0bdff""","Fri, 23 Nov 2018 00:24:13 GMT",HEAD,3.601557129062712
2003,f,30,bra_f_30_2003.tif,https://data.worldpop.org/GIS/AgeSex_structures/Global_2000_2020/2003/BRA/bra_f_30_2003.tif,200,3867007476,bytes,"""e67dd9f4-57b4a04ebb24b""","Fri, 23 Nov 2018 00:25:23 GMT",HEAD,3.6014313586056232
2003,f,35,bra_f_35_2003.tif,https://data.worldpop.org/GIS/AgeSex_structures/Global_2000_2020/2003/BRA/bra_f_35_2003.tif,200,3866965432,bytes,"""e67d35b8-57b4a090f969a""","Fri, 23 Nov 2018 00:26:33 GMT",HEAD,3.601392202079296
2003,f,40,bra_f_40_2003.tif,https://data.worldpop.org/GIS/AgeSex_structures/Global_2000_2020/2003/BRA/bra_f_40_2003.tif,200,3867151110,bytes,"""e6800b06-57b4a0d80d91c""","Fri, 23 Nov 2018 00:27:47 GMT",HEAD,3.6015651281923056
2003,f,45,bra_f_45_2003.tif,https://data.worldpop.org/GIS/AgeSex_structures/Global_2000_2020/2003/BRA/bra_f_45_2003.tif,200,3867013805,bytes,"""e67df2ad-57b4a1231443c""","Fri, 23 Nov 2018 00:29:06 GMT",HEAD,3.601437252946198
2003,f,50,bra_f_50_2003.tif,https://data.worldpop.org/GIS/AgeSex_structures/Global_2000_2020/2003/BRA/bra_f_50_2003.tif,200,3867097804,bytes,"""e67f3acc-57b4a17641c24""","Fri, 23 Nov 2018 00:30:33 GMT",HEAD,3.601515483111143
2003,f,55,bra_f_55_2003.tif,https://data.worldpop.org/GIS/AgeSex_structures/Global_2000_2020/2003/BRA/bra_f_55_2003.tif,200,3867171001,bytes,"""e68058b9-57b4a1bd5e511""","Fri, 23 Nov 2018 00:31:48 GMT",HEAD,3.6015836531296372
2003,f,60,bra_f_60_2003.tif,https://data.worldpop.org/GIS/AgeSex_structures/Global_2000_2020/2003/BRA/bra_f_60_2003.tif,200,3867159900,bytes,"""e6802d5c-57b4a2487dc51""","Fri, 23 Nov 2018 00:34:14 GMT",HEAD,3.6015733145177364
2003,f,65,bra_f_65_2003.tif,https://data.worldpop.org/GIS/AgeSex_structures/Global_2000_2020/2003/BRA/bra_f_65_2003.tif,200,3867283911,bytes,"""e68211c7-57b4a2933a619""","Fri, 23 Nov 2018 00:35:32 GMT",HEAD,3.601688808761537
2003,f,70,bra_f_70_2003.tif,https://data.worldpop.org/GIS/AgeSex_structures/Global_2000_2020/2003/BRA/bra_f_70_2003.tif,200,3867349817,bytes,"""e6831339-57b4a2d73cee3""","Fri, 23 Nov 2018 00:36:43 GMT",HEAD,3.6017501885071397
2003,f,75,bra_f_75_2003.tif,https://data.worldpop.org/GIS/AgeSex_structures/Global_2000_2020/2003/BRA/bra_f_75_2003.tif,200,3867461482,bytes,"""e684c76a-57b4a31aa59f4""","Fri, 23 Nov 2018 00:37:54 GMT",HEAD,3.601854184642434
2003,f,80,bra_f_80_2003.tif,https://data.worldpop.org/GIS/AgeSex_structures/Global_2000_2020/2003/BRA/bra_f_80_2003.tif,200,3867360549,bytes,"""e6833d25-57b4a3600747b""","Fri, 23 Nov 2018 00:39:07 GMT",HEAD,3.6017601834610105
2003,m,0,bra_m_0_2003.tif,https://data.worldpop.org/GIS/AgeSex_structures/Global_2000_2020/2003/BRA/bra_m_0_2003.tif,200,3867285735,bytes,"""e68218e7-57b4a3ab459ab""","Fri, 23 Nov 2018 00:40:26 GMT",HEAD,3.601690507493913
2003,m,1,bra_m_1_2003.tif,https://data.worldpop.org/GIS/AgeSex_structures/Global_2000_2020/2003/BRA/bra_m_1_2003.tif,200,3867077587,bytes,"""e67eebd3-57b4a4ab2b451""","Fri, 23 Nov 2018 00:44:54 GMT",HEAD,3.601496654562652
2003,m,5,bra_m_5_2003.tif,https://data.worldpop.org/GIS/AgeSex_structures/Global_2000_2020/2003/BRA/bra_m_5_2003.tif,200,3867048197,bytes,"""e67e7905-57b4a75d7063f""","Fri, 23 Nov 2018 00:56:58 GMT",HEAD,3.601469282992184
2003,m,10,bra_m_10_2003.tif,https://data.worldpop.org/GIS/AgeSex_structures/Global_2000_2020/2003/BRA/bra_m_10_2003.tif,200,3866983633,bytes,"""e67d7cd1-57b4a4057b844""","Fri, 23 Nov 2018 00:42:00 GMT",HEAD,3.6014091530814767
2003,m,15,bra_m_15_2003.tif,https://data.worldpop.org/GIS/AgeSex_structures/Global_2000_2020/2003/BRA/bra_m_15_2003.tif,200,3866837376,bytes,"""e67b4180-57b4a45c2fc5d""","Fri, 23 Nov 2018 00:43:31 GMT",HEAD,3.601272940635681
2003,m,20,bra_m_20_2003.tif,https://data.worldpop.org/GIS/AgeSex_structures/Global_2000_2020/2003/BRA/bra_m_20_2003.tif,200,3867151259,bytes,"""e6800b9b-57b4a4f5369f5""","Fri, 23 Nov 2018 00:46:12 GMT",HEAD,3.601565266959369
2003,m,25,bra_m_25_2003.tif,https://data.worldpop.org/GIS/AgeSex_structures/Global_2000_2020/2003/BRA/bra_m_25_2003.tif,200,3867133344,bytes,"""e67fc5a0-57b4a53fac541""","Fri, 23 Nov 2018 00:47:30 GMT",HEAD,3.601548582315445
2003,m,30,bra_m_30_2003.tif,https://data.worldpop.org/GIS/AgeSex_structures/Global_2000_2020/2003/BRA/bra_m_30_2003.tif,200,3866951969,bytes,"""e67d0121-57b4a58c7416a""","Fri, 23 Nov 2018 00:48:50 GMT",HEAD,3.601379663683474
2003,m,35,bra_m_35_2003.tif,https://data.worldpop.org/GIS/AgeSex_structures/Global_2000_2020/2003/BRA/bra_m_35_2003.tif,200,3866884608,bytes,"""e67bfa00-57b4a5dd13dc2""","Fri, 23 Nov 2018 00:50:15 GMT",HEAD,3.6013169288635254
2003,m,40,bra_m_40_2003.tif,https://data.worldpop.org/GIS/AgeSex_structures/Global_2000_2020/2003/BRA/bra_m_40_2003.tif,200,3867122027,bytes,"""e67f996b-57b4a6334724d""","Fri, 23 Nov 2018 00:51:45 GMT",HEAD,3.601538042537868
2003,m,45,bra_m_45_2003.tif,https://data.worldpop.org/GIS/AgeSex_structures/Global_2000_2020/2003/BRA/bra_m_45_2003.tif,200,3867090836,bytes,"""e67f1f94-57b4a685e502b""","Fri, 23 Nov 2018 00:53:12 GMT",HEAD,3.601508993655443
2003,m,50,bra_m_50_2003.tif,https://data.worldpop.org/GIS/AgeSex_structures/Global_2000_2020/2003/BRA/bra_m_50_2003.tif,200,3867197203,bytes,"""e680bf13-57b4a6d13ac33""","Fri, 23 Nov 2018 00:54:31 GMT",HEAD,3.6016080556437373
2003,m,55,bra_m_55_2003.tif,https://data.worldpop.org/GIS/AgeSex_structures/Global_2000_2020/2003/BRA/bra_m_55_2003.tif,200,3867194194,bytes,"""e680b352-57b4a71b4a17a""","Fri, 23 Nov 2018 00:55:49 GMT",HEAD,3.6016052532941103
2003,m,60,bra_m_60_2003.tif,https://data.worldpop.org/GIS/AgeSex_structures/Global_2000_2020/2003/BRA/bra_m_60_2003.tif,200,3867246512,bytes,"""e6817fb0-57b4a7a6a01d2""","Fri, 23 Nov 2018 00:58:15 GMT",HEAD,3.601653978228569
2003,m,65,bra_m_65_2003.tif,https://data.worldpop.org/GIS/AgeSex_structures/Global_2000_2020/2003/BRA/bra_m_65_2003.tif,200,3867267982,bytes,"""e681d38e-57b4a7ef480c6""","Fri, 23 Nov 2018 00:59:31 GMT",HEAD,3.601673973724246
2003,m,70,bra_m_70_2003.tif,https://data.worldpop.org/GIS/AgeSex_structures/Global_2000_2020/2003/BRA/bra_m_70_2003.tif,200,3867356192,bytes,"""e6832c20-57b4a841a3837""","Fri, 23 Nov 2018 01:00:57 GMT",HEAD,3.601756125688553
2003,m,75,bra_m_75_2003.tif,https://data.worldpop.org/GIS/AgeSex_structures/Global_2000_2020/2003/BRA/bra_m_75_2003.tif,200,3867322297,bytes,"""e682a7b9-57b4a88ab2b38""","Fri, 23 Nov 2018 01:02:14 GMT",HEAD,3.6017245585098863
2003,m,80,bra_m_80_2003.tif,https://data.worldpop.org/GIS/AgeSex_structures/Global_2000_2020/2003/BRA/bra_m_80_2003.tif,200,3867415807,bytes,"""e68414ff-57b4a8d7848c7""","Fri, 23 Nov 2018 01:03:34 GMT",HEAD,3.6018116464838386
